-- phpMyAdmin SQL Dump
-- version 4.6.5.2
-- https://www.phpmyadmin.net/
--
-- Host: 127.0.0.1
-- Generation Time: Jun 11, 2017 at 05:56 AM
-- Server version: 10.1.21-MariaDB
-- PHP Version: 7.1.1

SET SQL_MODE = "NO_AUTO_VALUE_ON_ZERO";
SET time_zone = "+00:00";


/*!40101 SET @OLD_CHARACTER_SET_CLIENT=@@CHARACTER_SET_CLIENT */;
/*!40101 SET @OLD_CHARACTER_SET_RESULTS=@@CHARACTER_SET_RESULTS */;
/*!40101 SET @OLD_COLLATION_CONNECTION=@@COLLATION_CONNECTION */;
/*!40101 SET NAMES utf8mb4 */;

--
-- Database: `beltone`
--

-- --------------------------------------------------------

--
-- Table structure for table `categories`
--

CREATE TABLE `categories` (
  `id` int(10) UNSIGNED NOT NULL,
  `category_name` varchar(255) COLLATE utf8_unicode_ci NOT NULL,
  `created_at` timestamp NULL DEFAULT NULL,
  `updated_at` timestamp NULL DEFAULT NULL,
  `deleted_at` timestamp NULL DEFAULT NULL
) ENGINE=InnoDB DEFAULT CHARSET=utf8 COLLATE=utf8_unicode_ci;

--
-- Dumping data for table `categories`
--

INSERT INTO `categories` (`id`, `category_name`, `created_at`, `updated_at`, `deleted_at`) VALUES
(1, 'Moore, Sanford and Nicolas', '2017-06-11 00:53:04', '2017-06-11 00:53:04', NULL),
(2, 'Braun, Hills and Reynolds', '2017-06-11 00:53:04', '2017-06-11 00:53:04', NULL),
(3, 'Hessel, Becker and Pouros', '2017-06-11 00:53:04', '2017-06-11 00:53:04', NULL),
(4, 'Kuhic, Oberbrunner and McClure', '2017-06-11 00:53:04', '2017-06-11 00:53:04', NULL),
(5, 'Bosco, Bode and Hoeger', '2017-06-11 00:53:04', '2017-06-11 00:53:04', NULL),
(6, 'Mitchell-Johnston', '2017-06-11 00:53:04', '2017-06-11 00:53:04', NULL),
(7, 'Turner-Rippin', '2017-06-11 00:53:04', '2017-06-11 00:53:04', NULL),
(8, 'Lang, Kirlin and Schaden', '2017-06-11 00:53:04', '2017-06-11 00:53:04', NULL),
(9, 'Zemlak, Gulgowski and Rempel', '2017-06-11 00:53:04', '2017-06-11 00:53:04', NULL),
(10, 'Swaniawski-Rempel', '2017-06-11 00:53:04', '2017-06-11 00:53:04', NULL),
(11, 'Dach LLC', '2017-06-11 00:53:04', '2017-06-11 00:53:04', NULL),
(12, 'Hickle, Hand and Senger', '2017-06-11 00:53:04', '2017-06-11 00:53:04', NULL),
(13, 'Rosenbaum and Sons', '2017-06-11 00:53:04', '2017-06-11 00:53:04', NULL),
(14, 'Nicolas LLC', '2017-06-11 00:53:04', '2017-06-11 00:53:04', NULL),
(15, 'Littel-Mayert', '2017-06-11 00:53:04', '2017-06-11 00:53:04', NULL),
(16, 'Schmidt-Doyle', '2017-06-11 00:53:04', '2017-06-11 00:53:04', NULL),
(17, 'Reynolds-Roob', '2017-06-11 00:53:04', '2017-06-11 00:53:04', NULL),
(18, 'Dickens and Sons', '2017-06-11 00:53:04', '2017-06-11 00:53:04', NULL),
(19, 'Bergstrom, Keebler and Schmeler', '2017-06-11 00:53:04', '2017-06-11 00:53:04', NULL),
(20, 'Lynch, Powlowski and Cummerata', '2017-06-11 00:53:04', '2017-06-11 00:53:04', NULL);

-- --------------------------------------------------------

--
-- Table structure for table `migrations`
--

CREATE TABLE `migrations` (
  `migration` varchar(255) COLLATE utf8_unicode_ci NOT NULL,
  `batch` int(11) NOT NULL
) ENGINE=InnoDB DEFAULT CHARSET=utf8 COLLATE=utf8_unicode_ci;

-- --------------------------------------------------------

--
-- Table structure for table `orders`
--

CREATE TABLE `orders` (
  `id` int(10) UNSIGNED NOT NULL,
  `order_user_id` int(10) UNSIGNED NOT NULL,
  `order_total_amount` varchar(255) COLLATE utf8_unicode_ci NOT NULL,
  `order_address` varchar(255) COLLATE utf8_unicode_ci NOT NULL,
  `order_status` int(255) NOT NULL,
  `created_at` timestamp NULL DEFAULT NULL,
  `updated_at` timestamp NULL DEFAULT NULL,
  `deleted_at` timestamp NULL DEFAULT NULL
) ENGINE=InnoDB DEFAULT CHARSET=utf8 COLLATE=utf8_unicode_ci;

--
-- Dumping data for table `orders`
--

INSERT INTO `orders` (`id`, `order_user_id`, `order_total_amount`, `order_address`, `order_status`, `created_at`, `updated_at`, `deleted_at`) VALUES
(1, 13, '32197', '5579 Donnelly Wall\nCraigtown, AL 67187', 1, '2017-06-11 00:53:05', '2017-06-11 00:53:05', NULL),
(2, 12, '40103', '7272 Sonny Key\nNew Demondfort, PA 34243', 2, '2017-06-11 00:53:05', '2017-06-11 00:53:05', NULL),
(3, 27, '13341', '44240 Howell Common\nSouth Wainostad, KY 80523-5849', 3, '2017-06-11 00:53:05', '2017-06-11 00:53:05', NULL),
(4, 16, '65123', '698 O\'Hara Lock\nSkilesfort, ME 71199-9645', 0, '2017-06-11 00:53:05', '2017-06-11 00:53:05', NULL),
(5, 13, '4203', '874 Max Freeway\nNew Sedrick, MI 96341-9544', 2, '2017-06-11 00:53:05', '2017-06-11 00:53:05', NULL),
(6, 14, '61262', '52963 O\'Conner Crossing\nIzaiahton, CT 35295-9080', 0, '2017-06-11 00:53:05', '2017-06-11 00:53:05', NULL),
(7, 13, '57176', '3308 Devonte Dale Apt. 718\nLarkinside, IA 47395-7170', 1, '2017-06-11 00:53:05', '2017-06-11 00:53:05', NULL),
(8, 24, '33979', '74835 Lenny Via\nErnestton, MT 74934', 2, '2017-06-11 00:53:05', '2017-06-11 00:53:05', NULL),
(9, 30, '24092', '975 Immanuel Orchard Suite 312\nGerlachburgh, VT 44355', 2, '2017-06-11 00:53:05', '2017-06-11 00:53:05', NULL),
(10, 29, '8858', '132 Treutel Road Apt. 799\nMaggioburgh, IA 86201', 1, '2017-06-11 00:53:05', '2017-06-11 00:53:05', NULL),
(11, 28, '32369', '9063 VonRueden View\nLake Adaview, IN 08759', 0, '2017-06-11 00:53:05', '2017-06-11 00:53:05', NULL),
(12, 16, '1655', '44635 Balistreri Forge\nEast Vincenzo, NH 51764-3872', 1, '2017-06-11 00:53:05', '2017-06-11 00:53:05', NULL),
(13, 10, '37083', '446 Adella Prairie Suite 945\nGaylordbury, IL 11105-6553', 1, '2017-06-11 00:53:05', '2017-06-11 00:53:05', NULL),
(14, 17, '48432', '11121 Maria Mission\nEast Claudia, CA 61616', 3, '2017-06-11 00:53:05', '2017-06-11 00:53:05', NULL),
(15, 10, '22967', '2989 Lynn Alley\nSchummmouth, SD 52752', 0, '2017-06-11 00:53:05', '2017-06-11 00:53:05', NULL),
(16, 16, '52108', '101 Connie Meadow\nEast Sheldon, NH 76758', 3, '2017-06-11 00:53:05', '2017-06-11 00:53:05', NULL),
(17, 11, '10866', '2912 Sanford Corner\nNorth Pearlie, TN 05919-6475', 1, '2017-06-11 00:53:05', '2017-06-11 00:53:05', NULL),
(18, 22, '14879', '81621 Bernard Causeway\nWest Athenabury, MN 80305-5421', 0, '2017-06-11 00:53:05', '2017-06-11 00:53:05', NULL),
(19, 19, '46029', '943 Taryn Manor Suite 740\nKirstinmouth, FL 71547-4512', 1, '2017-06-11 00:53:05', '2017-06-11 00:53:05', NULL),
(20, 10, '59306', '7170 Eugenia Dam\nNorth Reyes, AK 98945', 0, '2017-06-11 00:53:05', '2017-06-11 00:53:05', NULL),
(21, 12, '2109', '9556 Kaleigh Pike Apt. 057\nAugustbury, AK 39068-6742', 1, '2017-06-11 00:53:05', '2017-06-11 00:53:05', NULL),
(22, 27, '24810', '6716 Bednar Street Apt. 413\nEast Furman, NV 62489-6819', 3, '2017-06-11 00:53:05', '2017-06-11 00:53:05', NULL),
(23, 18, '53726', '8428 Jerod Forges Apt. 262\nFedericomouth, ID 44767', 3, '2017-06-11 00:53:05', '2017-06-11 00:53:05', NULL),
(24, 15, '38172', '90755 Avis Wells Suite 232\nBrayanburgh, IA 20882', 2, '2017-06-11 00:53:05', '2017-06-11 00:53:05', NULL),
(25, 30, '34510', '308 Schaden Shoal Suite 289\nDaniellashire, MO 84447-9861', 0, '2017-06-11 00:53:05', '2017-06-11 00:53:05', NULL),
(26, 24, '49746', '766 Borer Divide\nKubfort, DC 28117', 1, '2017-06-11 00:53:05', '2017-06-11 00:53:05', NULL),
(27, 12, '56658', '5568 Feest Island Suite 179\nLake Jamarbury, OH 87706-3963', 1, '2017-06-11 00:53:05', '2017-06-11 00:53:05', NULL),
(28, 17, '30245', '6083 Murphy Shore\nStiedemannville, FL 05881-3845', 3, '2017-06-11 00:53:05', '2017-06-11 00:53:05', NULL),
(29, 29, '30564', '69819 Ebert Cliffs Suite 637\nSouth Olgaside, AL 48079-9234', 1, '2017-06-11 00:53:05', '2017-06-11 00:53:05', NULL),
(30, 14, '42569', '964 Pagac Lane\nWest Elvie, WA 42729-3361', 3, '2017-06-11 00:53:05', '2017-06-11 00:53:05', NULL),
(31, 27, '57710', '99087 Fidel Turnpike Suite 898\nGrimesburgh, ND 29231-3557', 3, '2017-06-11 00:53:05', '2017-06-11 00:53:05', NULL),
(32, 23, '30552', '1520 Klein Mountains Apt. 303\nCollinsbury, PA 26364-8275', 3, '2017-06-11 00:53:05', '2017-06-11 00:53:05', NULL),
(33, 22, '47160', '53260 Ruecker Locks\nWest Lailabury, ME 96113', 1, '2017-06-11 00:53:05', '2017-06-11 00:53:05', NULL),
(34, 21, '55792', '3288 Hope Ridges\nJohnsbury, MD 41473', 0, '2017-06-11 00:53:05', '2017-06-11 00:53:05', NULL),
(35, 19, '6394', '511 Robel Cove Suite 035\nNorth Zena, DC 33051', 0, '2017-06-11 00:53:05', '2017-06-11 00:53:05', NULL),
(36, 29, '58546', '607 Nitzsche Glens\nErickamouth, MD 15407-8590', 2, '2017-06-11 00:53:05', '2017-06-11 00:53:05', NULL),
(37, 28, '27021', '7752 Altenwerth Cape\nEast Helgastad, KY 22122', 1, '2017-06-11 00:53:05', '2017-06-11 00:53:05', NULL),
(38, 18, '56034', '888 Gusikowski Meadow Suite 065\nWest Roger, WI 34246', 0, '2017-06-11 00:53:05', '2017-06-11 00:53:05', NULL),
(39, 17, '11686', '6859 Neal Manors Suite 606\nThompsonfort, WV 38223-2158', 2, '2017-06-11 00:53:05', '2017-06-11 00:53:05', NULL),
(40, 13, '58186', '6080 Elyssa Camp\nSouth Nickolasborough, ND 01220', 3, '2017-06-11 00:53:05', '2017-06-11 00:53:05', NULL),
(41, 22, '26715', '1886 Nelson Extensions Apt. 181\nAveryberg, OH 30943-3938', 2, '2017-06-11 00:53:05', '2017-06-11 00:53:05', NULL),
(42, 27, '10519', '79391 Roberts Circle Apt. 921\nFernehaven, OK 62834-5389', 2, '2017-06-11 00:53:05', '2017-06-11 00:53:05', NULL),
(43, 15, '1895', '645 Gertrude Mission Suite 685\nLake Everardoton, MD 73968-4883', 0, '2017-06-11 00:53:05', '2017-06-11 00:53:05', NULL),
(44, 10, '11919', '16422 Colleen Springs\nEast Thora, PA 22964-2382', 3, '2017-06-11 00:53:05', '2017-06-11 00:53:05', NULL),
(45, 15, '22810', '28491 Hellen Spring\nNorth Rhodaview, NC 39190', 1, '2017-06-11 00:53:05', '2017-06-11 00:53:05', NULL),
(46, 11, '5962', '767 Spencer Hollow\nKarelleside, DE 28842', 1, '2017-06-11 00:53:05', '2017-06-11 00:53:05', NULL),
(47, 22, '20556', '9569 Troy Circles\nEast Nelschester, SC 14396', 0, '2017-06-11 00:53:05', '2017-06-11 00:53:05', NULL),
(48, 27, '45694', '575 Ole Pike\nDomenicofurt, NC 93037-3537', 0, '2017-06-11 00:53:05', '2017-06-11 00:53:05', NULL),
(49, 21, '9712', '7594 Sanford Turnpike Suite 292\nLedaville, VA 74224-0290', 0, '2017-06-11 00:53:05', '2017-06-11 00:53:05', NULL),
(50, 24, '53666', '58676 Felicity Island Suite 209\nKoelpinhaven, OH 89220', 3, '2017-06-11 00:53:05', '2017-06-11 00:53:05', NULL),
(51, 13, '5122', '93418 Roob Village\nWest Alfredabury, MN 84170-5591', 2, '2017-06-11 00:53:05', '2017-06-11 00:53:05', NULL),
(52, 23, '57347', '462 Weston Highway\nDemondland, ME 87998-8191', 0, '2017-06-11 00:53:05', '2017-06-11 00:53:05', NULL),
(53, 11, '15122', '29780 Rosenbaum Isle Apt. 047\nNorth Ferne, ND 49525', 3, '2017-06-11 00:53:05', '2017-06-11 00:53:05', NULL),
(54, 11, '9067', '549 Ralph View Apt. 850\nSmithshire, ME 74671-1155', 0, '2017-06-11 00:53:05', '2017-06-11 00:53:05', NULL),
(55, 10, '17437', '723 Swaniawski Rapids\nWildermanville, IA 51735-2016', 1, '2017-06-11 00:53:05', '2017-06-11 00:53:05', NULL),
(56, 10, '16905', '8812 Cole Dam\nMrazburgh, WI 13619', 2, '2017-06-11 00:53:05', '2017-06-11 00:53:05', NULL),
(57, 26, '45917', '6524 Wunsch Road\nBergeside, VT 96275', 0, '2017-06-11 00:53:05', '2017-06-11 00:53:05', NULL),
(58, 13, '56396', '54061 Aurelie Corners Suite 442\nPort Uriahberg, VA 73810', 0, '2017-06-11 00:53:05', '2017-06-11 00:53:05', NULL),
(59, 16, '46568', '18950 Kreiger Prairie Apt. 506\nSchimmelborough, AK 45695', 1, '2017-06-11 00:53:05', '2017-06-11 00:53:05', NULL),
(60, 21, '36879', '221 Haley Divide Suite 081\nLake Nicholastown, NY 00849-7245', 1, '2017-06-11 00:53:05', '2017-06-11 00:53:05', NULL),
(61, 24, '2506', '762 Willard Court Suite 586\nJaquelinemouth, AL 88331-1647', 0, '2017-06-11 00:53:05', '2017-06-11 00:53:05', NULL),
(62, 28, '19503', '8455 Gayle Harbor Suite 374\nWest Vivianehaven, IL 85278', 1, '2017-06-11 00:53:05', '2017-06-11 00:53:05', NULL),
(63, 28, '6433', '1072 Lavinia Lodge Suite 758\nGislasonfort, MT 78653-2265', 1, '2017-06-11 00:53:05', '2017-06-11 00:53:05', NULL),
(64, 18, '18947', '6832 Gabrielle Knolls Suite 157\nWest Biankabury, VA 10740', 2, '2017-06-11 00:53:05', '2017-06-11 00:53:05', NULL),
(65, 19, '33072', '3277 Delmer Valley Suite 708\nHahnport, MS 76126', 2, '2017-06-11 00:53:05', '2017-06-11 00:53:05', NULL),
(66, 16, '42957', '11049 Malvina Pines\nWolfmouth, VT 43978', 3, '2017-06-11 00:53:05', '2017-06-11 00:53:05', NULL),
(67, 27, '39164', '4524 Eichmann Canyon Suite 649\nJulioview, LA 52531-2091', 1, '2017-06-11 00:53:05', '2017-06-11 00:53:05', NULL),
(68, 27, '53043', '3544 Carolyne Gateway Suite 464\nNew Anibal, MO 54756-9788', 0, '2017-06-11 00:53:05', '2017-06-11 00:53:05', NULL),
(69, 22, '55128', '50718 Dewitt Spurs\nArmstrongmouth, MS 93249', 3, '2017-06-11 00:53:05', '2017-06-11 00:53:05', NULL),
(70, 14, '3138', '119 Ritchie Stravenue\nPort Hector, FL 32299', 3, '2017-06-11 00:53:05', '2017-06-11 00:53:05', NULL),
(71, 10, '28312', '51257 Kunze Brook\nWittingville, NH 16368-7934', 0, '2017-06-11 00:53:05', '2017-06-11 00:53:05', NULL),
(72, 20, '11403', '396 Daniella Knoll Apt. 407\nPort Lilly, IA 41410-3134', 2, '2017-06-11 00:53:05', '2017-06-11 00:53:05', NULL),
(73, 18, '40285', '9890 Marcel Walk Suite 413\nLake Evansbury, AK 69529-6595', 0, '2017-06-11 00:53:05', '2017-06-11 00:53:05', NULL),
(74, 10, '31327', '397 Mayert Estate\nMcKenziehaven, AR 53471-5063', 3, '2017-06-11 00:53:05', '2017-06-11 00:53:05', NULL),
(75, 28, '40183', '8850 Arvel Via\nIsabellside, NC 38435', 2, '2017-06-11 00:53:05', '2017-06-11 00:53:05', NULL),
(76, 27, '10175', '583 Monte Fall\nManteside, NV 71084', 0, '2017-06-11 00:53:05', '2017-06-11 00:53:05', NULL),
(77, 16, '5793', '8815 Angela Ramp\nKirkfort, DC 82959-4125', 0, '2017-06-11 00:53:05', '2017-06-11 00:53:05', NULL),
(78, 16, '31730', '6831 Schowalter Lakes\nSouth Lowell, IL 38027-5832', 1, '2017-06-11 00:53:05', '2017-06-11 00:53:05', NULL),
(79, 19, '41672', '500 Deron Crescent\nKarleebury, CT 93375-6669', 2, '2017-06-11 00:53:05', '2017-06-11 00:53:05', NULL),
(80, 11, '38757', '9868 Kuhlman Trafficway\nFrederiquechester, IN 06590', 3, '2017-06-11 00:53:05', '2017-06-11 00:53:05', NULL),
(81, 29, '9389', '1245 Caitlyn Squares Suite 500\nArvillahaven, FL 16912-9128', 2, '2017-06-11 00:53:05', '2017-06-11 00:53:05', NULL),
(82, 12, '54404', '6490 Lubowitz Island\nWest Ulices, NM 49225-3238', 3, '2017-06-11 00:53:05', '2017-06-11 00:53:05', NULL),
(83, 16, '58525', '23620 Dickinson Parkways\nNorth Tarashire, WI 29994-2052', 3, '2017-06-11 00:53:05', '2017-06-11 00:53:05', NULL),
(84, 28, '53922', '4148 Ramiro Drive Suite 671\nWest Amaribury, NY 41627', 0, '2017-06-11 00:53:05', '2017-06-11 00:53:05', NULL),
(85, 26, '11107', '582 Erdman Light Suite 735\nEast Frederic, WY 79054-8696', 2, '2017-06-11 00:53:05', '2017-06-11 00:53:05', NULL),
(86, 29, '40216', '5542 Joanny Burgs Apt. 496\nLake Bertrand, MD 81665-8823', 2, '2017-06-11 00:53:05', '2017-06-11 00:53:05', NULL),
(87, 23, '42815', '24740 Breitenberg Gardens Apt. 362\nSchambergerchester, MI 11951-0784', 1, '2017-06-11 00:53:05', '2017-06-11 00:53:05', NULL),
(88, 29, '25629', '380 Jalyn Prairie Suite 495\nEast Giovanna, WY 32602-1594', 2, '2017-06-11 00:53:05', '2017-06-11 00:53:05', NULL),
(89, 23, '3690', '1717 Alison Ports\nWest Edabury, FL 57360-4420', 2, '2017-06-11 00:53:05', '2017-06-11 00:53:05', NULL),
(90, 13, '2958', '518 Wuckert Drives Apt. 997\nOscarchester, NJ 23018-5300', 2, '2017-06-11 00:53:05', '2017-06-11 00:53:05', NULL),
(91, 12, '60720', '1146 Humberto Mountain Suite 405\nBlockport, MO 55605', 3, '2017-06-11 00:53:05', '2017-06-11 00:53:05', NULL),
(92, 29, '44032', '9572 Audreanne Manor\nSouth Ruthe, SC 10900', 1, '2017-06-11 00:53:05', '2017-06-11 00:53:05', NULL),
(93, 21, '34166', '831 Crist Lights Suite 878\nMosciskifurt, LA 48220-0375', 3, '2017-06-11 00:53:05', '2017-06-11 00:53:05', NULL),
(94, 28, '11832', '362 Hamill Views Suite 030\nEast Walter, ID 96875-2573', 3, '2017-06-11 00:53:05', '2017-06-11 00:53:05', NULL),
(95, 17, '49595', '439 Jana Lakes\nMooremouth, LA 81428', 1, '2017-06-11 00:53:05', '2017-06-11 00:53:05', NULL),
(96, 12, '16362', '69054 Laverna Curve\nNew Kenyonland, IN 29891-5255', 0, '2017-06-11 00:53:05', '2017-06-11 00:53:05', NULL),
(97, 28, '29992', '882 Marcelina Islands Apt. 811\nSouth Burdette, ND 31592', 1, '2017-06-11 00:53:05', '2017-06-11 00:53:05', NULL),
(98, 15, '4444', '86276 Willms Highway Suite 731\nSouth Dovie, HI 09373', 1, '2017-06-11 00:53:05', '2017-06-11 00:53:05', NULL),
(99, 26, '29579', '253 Gutmann Mill Apt. 942\nJerrodshire, FL 89603', 2, '2017-06-11 00:53:05', '2017-06-11 00:53:05', NULL),
(100, 10, '23657', '10171 Thompson Shoals\nPort Verda, RI 25732-4597', 3, '2017-06-11 00:53:05', '2017-06-11 00:53:05', NULL),
(101, 23, '37774', '74538 Runte Tunnel\nEast Alfredo, NH 98880', 2, '2017-06-11 00:53:05', '2017-06-11 00:53:05', NULL),
(102, 15, '34599', '85487 McKenzie Lock\nLake Nicholas, AZ 75716', 1, '2017-06-11 00:53:05', '2017-06-11 00:53:05', NULL),
(103, 11, '1343', '62929 Lang Burgs Suite 398\nNorth Elta, OR 24762', 2, '2017-06-11 00:53:05', '2017-06-11 00:53:05', NULL),
(104, 11, '43110', '539 Bradtke Crossroad Suite 968\nPort Bricefort, WA 77826', 1, '2017-06-11 00:53:05', '2017-06-11 00:53:05', NULL),
(105, 22, '3429', '367 Maia Ridge\nNew Carmelchester, KS 85639', 3, '2017-06-11 00:53:05', '2017-06-11 00:53:05', NULL),
(106, 19, '46320', '4026 Alvah Viaduct\nNew Ernestineside, IL 13015-1028', 0, '2017-06-11 00:53:05', '2017-06-11 00:53:05', NULL),
(107, 21, '16947', '5376 Hester Burgs\nCraigburgh, MN 27733', 3, '2017-06-11 00:53:05', '2017-06-11 00:53:05', NULL),
(108, 28, '15610', '91123 Kendra Spur\nAnneland, MN 63031-8785', 0, '2017-06-11 00:53:05', '2017-06-11 00:53:05', NULL),
(109, 10, '21093', '77908 Mayer Loaf\nKihnmouth, VA 96454', 2, '2017-06-11 00:53:05', '2017-06-11 01:09:50', NULL),
(110, 26, '5247', '6786 Bennett Crossing Suite 300\nNew Ben, UT 39682-1719', 1, '2017-06-11 00:53:05', '2017-06-11 00:53:05', NULL),
(111, 42, '80001', '666666', 0, '2017-06-11 01:43:58', '2017-06-11 01:43:58', NULL),
(112, 42, '48191', '666666', 0, '2017-06-11 01:54:58', '2017-06-11 01:54:58', NULL);

-- --------------------------------------------------------

--
-- Table structure for table `order_details`
--

CREATE TABLE `order_details` (
  `id` int(10) UNSIGNED NOT NULL,
  `order_id` int(10) UNSIGNED NOT NULL,
  `product_id` int(10) UNSIGNED NOT NULL,
  `product_quantity` int(11) NOT NULL DEFAULT '0',
  `created_at` timestamp NULL DEFAULT NULL,
  `updated_at` timestamp NULL DEFAULT NULL,
  `deleted_at` timestamp NULL DEFAULT NULL
) ENGINE=InnoDB DEFAULT CHARSET=utf8 COLLATE=utf8_unicode_ci;

--
-- Dumping data for table `order_details`
--

INSERT INTO `order_details` (`id`, `order_id`, `product_id`, `product_quantity`, `created_at`, `updated_at`, `deleted_at`) VALUES
(1, 97, 31, 8, '2017-06-11 00:53:05', '2017-06-11 00:53:05', NULL),
(2, 87, 61, 2, '2017-06-11 00:53:05', '2017-06-11 00:53:05', NULL),
(3, 32, 6, 6, '2017-06-11 00:53:05', '2017-06-11 00:53:05', NULL),
(4, 27, 39, 4, '2017-06-11 00:53:05', '2017-06-11 00:53:05', NULL),
(5, 27, 60, 14, '2017-06-11 00:53:05', '2017-06-11 00:53:05', NULL),
(6, 66, 92, 11, '2017-06-11 00:53:05', '2017-06-11 00:53:05', NULL),
(7, 36, 98, 7, '2017-06-11 00:53:05', '2017-06-11 00:53:05', NULL),
(8, 55, 5, 15, '2017-06-11 00:53:05', '2017-06-11 00:53:05', NULL),
(9, 37, 17, 4, '2017-06-11 00:53:05', '2017-06-11 00:53:05', NULL),
(10, 67, 41, 13, '2017-06-11 00:53:05', '2017-06-11 00:53:05', NULL),
(11, 59, 71, 11, '2017-06-11 00:53:05', '2017-06-11 00:53:05', NULL),
(12, 30, 36, 9, '2017-06-11 00:53:05', '2017-06-11 00:53:05', NULL),
(13, 49, 24, 9, '2017-06-11 00:53:05', '2017-06-11 00:53:05', NULL),
(14, 100, 66, 15, '2017-06-11 00:53:05', '2017-06-11 00:53:05', NULL),
(15, 88, 66, 10, '2017-06-11 00:53:05', '2017-06-11 00:53:05', NULL),
(16, 25, 6, 9, '2017-06-11 00:53:05', '2017-06-11 00:53:05', NULL),
(17, 10, 16, 15, '2017-06-11 00:53:05', '2017-06-11 00:53:05', NULL),
(18, 25, 27, 3, '2017-06-11 00:53:05', '2017-06-11 00:53:05', NULL),
(19, 8, 79, 12, '2017-06-11 00:53:05', '2017-06-11 00:53:05', NULL),
(20, 72, 49, 8, '2017-06-11 00:53:05', '2017-06-11 00:53:05', NULL),
(21, 3, 12, 14, '2017-06-11 00:53:05', '2017-06-11 00:53:05', NULL),
(22, 65, 10, 2, '2017-06-11 00:53:05', '2017-06-11 00:53:05', NULL),
(23, 22, 35, 7, '2017-06-11 00:53:05', '2017-06-11 00:53:05', NULL),
(24, 52, 54, 6, '2017-06-11 00:53:05', '2017-06-11 00:53:05', NULL),
(25, 28, 1, 12, '2017-06-11 00:53:05', '2017-06-11 00:53:05', NULL),
(26, 73, 48, 11, '2017-06-11 00:53:05', '2017-06-11 00:53:05', NULL),
(27, 1, 13, 8, '2017-06-11 00:53:05', '2017-06-11 00:53:05', NULL),
(28, 99, 58, 6, '2017-06-11 00:53:05', '2017-06-11 00:53:05', NULL),
(29, 81, 8, 12, '2017-06-11 00:53:05', '2017-06-11 00:53:05', NULL),
(30, 28, 49, 15, '2017-06-11 00:53:05', '2017-06-11 00:53:05', NULL),
(31, 7, 88, 13, '2017-06-11 00:53:05', '2017-06-11 00:53:05', NULL),
(32, 33, 31, 6, '2017-06-11 00:53:05', '2017-06-11 00:53:05', NULL),
(33, 29, 42, 7, '2017-06-11 00:53:05', '2017-06-11 00:53:05', NULL),
(34, 19, 76, 4, '2017-06-11 00:53:05', '2017-06-11 00:53:05', NULL),
(35, 39, 4, 10, '2017-06-11 00:53:05', '2017-06-11 00:53:05', NULL),
(36, 8, 81, 5, '2017-06-11 00:53:05', '2017-06-11 00:53:05', NULL),
(37, 49, 6, 2, '2017-06-11 00:53:05', '2017-06-11 00:53:05', NULL),
(38, 51, 57, 6, '2017-06-11 00:53:05', '2017-06-11 00:53:05', NULL),
(39, 91, 52, 6, '2017-06-11 00:53:05', '2017-06-11 00:53:05', NULL),
(40, 17, 57, 13, '2017-06-11 00:53:05', '2017-06-11 00:53:05', NULL),
(41, 96, 3, 11, '2017-06-11 00:53:05', '2017-06-11 00:53:05', NULL),
(42, 3, 53, 14, '2017-06-11 00:53:05', '2017-06-11 00:53:05', NULL),
(43, 78, 64, 7, '2017-06-11 00:53:05', '2017-06-11 00:53:05', NULL),
(44, 7, 11, 12, '2017-06-11 00:53:05', '2017-06-11 00:53:05', NULL),
(45, 22, 25, 3, '2017-06-11 00:53:05', '2017-06-11 00:53:05', NULL),
(46, 76, 47, 10, '2017-06-11 00:53:05', '2017-06-11 00:53:05', NULL),
(47, 49, 5, 11, '2017-06-11 00:53:05', '2017-06-11 00:53:05', NULL),
(48, 51, 76, 2, '2017-06-11 00:53:05', '2017-06-11 00:53:05', NULL),
(49, 95, 43, 4, '2017-06-11 00:53:05', '2017-06-11 00:53:05', NULL),
(50, 70, 44, 4, '2017-06-11 00:53:05', '2017-06-11 00:53:05', NULL),
(51, 3, 35, 11, '2017-06-11 00:53:05', '2017-06-11 00:53:05', NULL),
(52, 47, 17, 13, '2017-06-11 00:53:05', '2017-06-11 00:53:05', NULL),
(53, 66, 73, 5, '2017-06-11 00:53:05', '2017-06-11 00:53:05', NULL),
(54, 91, 54, 4, '2017-06-11 00:53:05', '2017-06-11 00:53:05', NULL),
(55, 57, 13, 14, '2017-06-11 00:53:05', '2017-06-11 00:53:05', NULL),
(56, 29, 50, 2, '2017-06-11 00:53:05', '2017-06-11 00:53:05', NULL),
(57, 50, 100, 2, '2017-06-11 00:53:05', '2017-06-11 00:53:05', NULL),
(58, 6, 33, 12, '2017-06-11 00:53:05', '2017-06-11 00:53:05', NULL),
(59, 37, 93, 7, '2017-06-11 00:53:05', '2017-06-11 00:53:05', NULL),
(60, 8, 56, 2, '2017-06-11 00:53:05', '2017-06-11 00:53:05', NULL),
(61, 12, 91, 4, '2017-06-11 00:53:05', '2017-06-11 00:53:05', NULL),
(62, 81, 68, 6, '2017-06-11 00:53:05', '2017-06-11 00:53:05', NULL),
(63, 71, 2, 5, '2017-06-11 00:53:05', '2017-06-11 00:53:05', NULL),
(64, 33, 51, 2, '2017-06-11 00:53:05', '2017-06-11 00:53:05', NULL),
(65, 40, 55, 9, '2017-06-11 00:53:05', '2017-06-11 00:53:05', NULL),
(66, 14, 41, 2, '2017-06-11 00:53:05', '2017-06-11 00:53:05', NULL),
(67, 11, 54, 5, '2017-06-11 00:53:05', '2017-06-11 00:53:05', NULL),
(68, 45, 24, 12, '2017-06-11 00:53:05', '2017-06-11 00:53:05', NULL),
(69, 42, 31, 3, '2017-06-11 00:53:05', '2017-06-11 00:53:05', NULL),
(70, 75, 93, 10, '2017-06-11 00:53:05', '2017-06-11 00:53:05', NULL),
(71, 25, 78, 11, '2017-06-11 00:53:05', '2017-06-11 00:53:05', NULL),
(72, 67, 80, 15, '2017-06-11 00:53:05', '2017-06-11 00:53:05', NULL),
(73, 95, 79, 8, '2017-06-11 00:53:05', '2017-06-11 00:53:05', NULL),
(74, 14, 77, 4, '2017-06-11 00:53:05', '2017-06-11 00:53:05', NULL),
(75, 100, 68, 5, '2017-06-11 00:53:05', '2017-06-11 00:53:05', NULL),
(76, 85, 62, 15, '2017-06-11 00:53:05', '2017-06-11 00:53:05', NULL),
(77, 89, 72, 7, '2017-06-11 00:53:05', '2017-06-11 00:53:05', NULL),
(78, 86, 84, 10, '2017-06-11 00:53:05', '2017-06-11 00:53:05', NULL),
(79, 28, 37, 13, '2017-06-11 00:53:05', '2017-06-11 00:53:05', NULL),
(80, 63, 72, 11, '2017-06-11 00:53:05', '2017-06-11 00:53:05', NULL),
(81, 54, 45, 15, '2017-06-11 00:53:05', '2017-06-11 00:53:05', NULL),
(82, 50, 64, 4, '2017-06-11 00:53:05', '2017-06-11 00:53:05', NULL),
(83, 31, 4, 15, '2017-06-11 00:53:05', '2017-06-11 00:53:05', NULL),
(84, 83, 75, 7, '2017-06-11 00:53:05', '2017-06-11 00:53:05', NULL),
(85, 13, 71, 8, '2017-06-11 00:53:05', '2017-06-11 00:53:05', NULL),
(86, 40, 86, 10, '2017-06-11 00:53:05', '2017-06-11 00:53:05', NULL),
(87, 89, 44, 13, '2017-06-11 00:53:05', '2017-06-11 00:53:05', NULL),
(88, 35, 87, 2, '2017-06-11 00:53:05', '2017-06-11 00:53:05', NULL),
(89, 17, 37, 10, '2017-06-11 00:53:05', '2017-06-11 00:53:05', NULL),
(90, 66, 66, 10, '2017-06-11 00:53:05', '2017-06-11 00:53:05', NULL),
(91, 31, 23, 9, '2017-06-11 00:53:05', '2017-06-11 00:53:05', NULL),
(92, 12, 37, 4, '2017-06-11 00:53:05', '2017-06-11 00:53:05', NULL),
(93, 65, 78, 15, '2017-06-11 00:53:05', '2017-06-11 00:53:05', NULL),
(94, 90, 13, 3, '2017-06-11 00:53:05', '2017-06-11 00:53:05', NULL),
(95, 93, 84, 11, '2017-06-11 00:53:05', '2017-06-11 00:53:05', NULL),
(96, 74, 73, 11, '2017-06-11 00:53:05', '2017-06-11 00:53:05', NULL),
(97, 50, 63, 11, '2017-06-11 00:53:05', '2017-06-11 00:53:05', NULL),
(98, 90, 80, 9, '2017-06-11 00:53:05', '2017-06-11 00:53:05', NULL),
(99, 49, 43, 8, '2017-06-11 00:53:05', '2017-06-11 00:53:05', NULL),
(100, 69, 41, 5, '2017-06-11 00:53:05', '2017-06-11 00:53:05', NULL),
(101, 52, 34, 11, '2017-06-11 00:53:05', '2017-06-11 00:53:05', NULL),
(102, 57, 100, 2, '2017-06-11 00:53:05', '2017-06-11 00:53:05', NULL),
(103, 79, 36, 10, '2017-06-11 00:53:05', '2017-06-11 00:53:05', NULL),
(104, 67, 30, 12, '2017-06-11 00:53:05', '2017-06-11 00:53:05', NULL),
(105, 89, 90, 2, '2017-06-11 00:53:05', '2017-06-11 00:53:05', NULL),
(106, 92, 54, 4, '2017-06-11 00:53:05', '2017-06-11 00:53:05', NULL),
(107, 32, 33, 10, '2017-06-11 00:53:05', '2017-06-11 00:53:05', NULL),
(108, 74, 88, 7, '2017-06-11 00:53:05', '2017-06-11 00:53:05', NULL),
(109, 85, 15, 9, '2017-06-11 00:53:05', '2017-06-11 00:53:05', NULL),
(110, 95, 53, 2, '2017-06-11 00:53:05', '2017-06-11 00:53:05', NULL),
(111, 96, 1, 8, '2017-06-11 00:53:05', '2017-06-11 00:53:05', NULL),
(112, 25, 59, 9, '2017-06-11 00:53:05', '2017-06-11 00:53:05', NULL),
(113, 52, 80, 5, '2017-06-11 00:53:05', '2017-06-11 00:53:05', NULL),
(114, 34, 80, 11, '2017-06-11 00:53:05', '2017-06-11 00:53:05', NULL),
(115, 66, 41, 7, '2017-06-11 00:53:05', '2017-06-11 00:53:05', NULL),
(116, 38, 54, 8, '2017-06-11 00:53:05', '2017-06-11 00:53:05', NULL),
(117, 48, 77, 4, '2017-06-11 00:53:05', '2017-06-11 00:53:05', NULL),
(118, 21, 75, 11, '2017-06-11 00:53:05', '2017-06-11 00:53:05', NULL),
(119, 10, 62, 14, '2017-06-11 00:53:05', '2017-06-11 00:53:05', NULL),
(120, 98, 95, 10, '2017-06-11 00:53:06', '2017-06-11 00:53:06', NULL),
(121, 92, 76, 15, '2017-06-11 00:53:06', '2017-06-11 00:53:06', NULL),
(122, 9, 16, 5, '2017-06-11 00:53:06', '2017-06-11 00:53:06', NULL),
(123, 80, 51, 9, '2017-06-11 00:53:06', '2017-06-11 00:53:06', NULL),
(124, 6, 40, 7, '2017-06-11 00:53:06', '2017-06-11 00:53:06', NULL),
(125, 25, 46, 15, '2017-06-11 00:53:06', '2017-06-11 00:53:06', NULL),
(126, 71, 53, 5, '2017-06-11 00:53:06', '2017-06-11 00:53:06', NULL),
(127, 36, 58, 11, '2017-06-11 00:53:06', '2017-06-11 00:53:06', NULL),
(128, 54, 56, 10, '2017-06-11 00:53:06', '2017-06-11 00:53:06', NULL),
(129, 60, 27, 11, '2017-06-11 00:53:06', '2017-06-11 00:53:06', NULL),
(130, 13, 19, 6, '2017-06-11 00:53:06', '2017-06-11 00:53:06', NULL),
(131, 16, 92, 3, '2017-06-11 00:53:06', '2017-06-11 00:53:06', NULL),
(132, 82, 17, 10, '2017-06-11 00:53:06', '2017-06-11 00:53:06', NULL),
(133, 47, 25, 15, '2017-06-11 00:53:06', '2017-06-11 00:53:06', NULL),
(134, 40, 28, 11, '2017-06-11 00:53:06', '2017-06-11 00:53:06', NULL),
(135, 51, 80, 5, '2017-06-11 00:53:06', '2017-06-11 00:53:06', NULL),
(136, 7, 51, 6, '2017-06-11 00:53:06', '2017-06-11 00:53:06', NULL),
(137, 71, 86, 13, '2017-06-11 00:53:06', '2017-06-11 00:53:06', NULL),
(138, 14, 47, 3, '2017-06-11 00:53:06', '2017-06-11 00:53:06', NULL),
(139, 15, 52, 5, '2017-06-11 00:53:06', '2017-06-11 00:53:06', NULL),
(140, 92, 72, 12, '2017-06-11 00:53:06', '2017-06-11 00:53:06', NULL),
(141, 99, 19, 11, '2017-06-11 00:53:06', '2017-06-11 00:53:06', NULL),
(142, 68, 15, 8, '2017-06-11 00:53:06', '2017-06-11 00:53:06', NULL),
(143, 28, 80, 11, '2017-06-11 00:53:06', '2017-06-11 00:53:06', NULL),
(144, 8, 71, 10, '2017-06-11 00:53:06', '2017-06-11 00:53:06', NULL),
(145, 13, 94, 7, '2017-06-11 00:53:06', '2017-06-11 00:53:06', NULL),
(146, 56, 41, 3, '2017-06-11 00:53:06', '2017-06-11 00:53:06', NULL),
(147, 37, 37, 7, '2017-06-11 00:53:06', '2017-06-11 00:53:06', NULL),
(148, 49, 25, 3, '2017-06-11 00:53:06', '2017-06-11 00:53:06', NULL),
(149, 27, 1, 3, '2017-06-11 00:53:06', '2017-06-11 00:53:06', NULL),
(150, 32, 52, 9, '2017-06-11 00:53:06', '2017-06-11 00:53:06', NULL),
(151, 83, 75, 13, '2017-06-11 00:53:06', '2017-06-11 00:53:06', NULL),
(152, 77, 68, 10, '2017-06-11 00:53:06', '2017-06-11 00:53:06', NULL),
(153, 49, 39, 4, '2017-06-11 00:53:06', '2017-06-11 00:53:06', NULL),
(154, 96, 52, 11, '2017-06-11 00:53:06', '2017-06-11 00:53:06', NULL),
(155, 54, 31, 5, '2017-06-11 00:53:06', '2017-06-11 00:53:06', NULL),
(156, 94, 69, 4, '2017-06-11 00:53:06', '2017-06-11 00:53:06', NULL),
(157, 59, 18, 15, '2017-06-11 00:53:06', '2017-06-11 00:53:06', NULL),
(158, 67, 92, 8, '2017-06-11 00:53:06', '2017-06-11 00:53:06', NULL),
(159, 57, 24, 7, '2017-06-11 00:53:06', '2017-06-11 00:53:06', NULL),
(160, 98, 4, 15, '2017-06-11 00:53:06', '2017-06-11 00:53:06', NULL),
(161, 37, 88, 10, '2017-06-11 00:53:06', '2017-06-11 00:53:06', NULL),
(162, 19, 61, 12, '2017-06-11 00:53:06', '2017-06-11 00:53:06', NULL),
(163, 14, 71, 7, '2017-06-11 00:53:06', '2017-06-11 00:53:06', NULL),
(164, 64, 77, 15, '2017-06-11 00:53:06', '2017-06-11 00:53:06', NULL),
(165, 34, 47, 5, '2017-06-11 00:53:06', '2017-06-11 00:53:06', NULL),
(166, 42, 90, 5, '2017-06-11 00:53:06', '2017-06-11 00:53:06', NULL),
(167, 54, 14, 15, '2017-06-11 00:53:06', '2017-06-11 00:53:06', NULL),
(168, 67, 45, 11, '2017-06-11 00:53:06', '2017-06-11 00:53:06', NULL),
(169, 81, 42, 2, '2017-06-11 00:53:06', '2017-06-11 00:53:06', NULL),
(170, 71, 46, 9, '2017-06-11 00:53:06', '2017-06-11 00:53:06', NULL),
(171, 45, 60, 2, '2017-06-11 00:53:06', '2017-06-11 00:53:06', NULL),
(172, 82, 77, 12, '2017-06-11 00:53:06', '2017-06-11 00:53:06', NULL),
(173, 50, 38, 12, '2017-06-11 00:53:06', '2017-06-11 00:53:06', NULL),
(174, 33, 94, 5, '2017-06-11 00:53:06', '2017-06-11 00:53:06', NULL),
(175, 38, 90, 14, '2017-06-11 00:53:06', '2017-06-11 00:53:06', NULL),
(176, 78, 46, 11, '2017-06-11 00:53:06', '2017-06-11 00:53:06', NULL),
(177, 20, 50, 8, '2017-06-11 00:53:06', '2017-06-11 00:53:06', NULL),
(178, 69, 86, 2, '2017-06-11 00:53:06', '2017-06-11 00:53:06', NULL),
(179, 60, 92, 2, '2017-06-11 00:53:06', '2017-06-11 00:53:06', NULL),
(180, 56, 9, 7, '2017-06-11 00:53:06', '2017-06-11 00:53:06', NULL),
(181, 77, 26, 6, '2017-06-11 00:53:06', '2017-06-11 00:53:06', NULL),
(182, 100, 29, 11, '2017-06-11 00:53:06', '2017-06-11 00:53:06', NULL),
(183, 37, 14, 2, '2017-06-11 00:53:06', '2017-06-11 00:53:06', NULL),
(184, 3, 6, 8, '2017-06-11 00:53:06', '2017-06-11 00:53:06', NULL),
(185, 48, 29, 10, '2017-06-11 00:53:06', '2017-06-11 00:53:06', NULL),
(186, 58, 52, 13, '2017-06-11 00:53:06', '2017-06-11 00:53:06', NULL),
(187, 1, 7, 4, '2017-06-11 00:53:06', '2017-06-11 00:53:06', NULL),
(188, 28, 64, 7, '2017-06-11 00:53:06', '2017-06-11 00:53:06', NULL),
(189, 13, 96, 6, '2017-06-11 00:53:06', '2017-06-11 00:53:06', NULL),
(190, 21, 98, 2, '2017-06-11 00:53:06', '2017-06-11 00:53:06', NULL),
(191, 50, 70, 9, '2017-06-11 00:53:06', '2017-06-11 00:53:06', NULL),
(192, 52, 42, 14, '2017-06-11 00:53:06', '2017-06-11 00:53:06', NULL),
(193, 60, 49, 3, '2017-06-11 00:53:06', '2017-06-11 00:53:06', NULL),
(194, 67, 75, 3, '2017-06-11 00:53:06', '2017-06-11 00:53:06', NULL),
(195, 76, 94, 10, '2017-06-11 00:53:06', '2017-06-11 00:53:06', NULL),
(196, 95, 60, 15, '2017-06-11 00:53:06', '2017-06-11 00:53:06', NULL),
(197, 27, 46, 3, '2017-06-11 00:53:06', '2017-06-11 00:53:06', NULL),
(198, 94, 16, 4, '2017-06-11 00:53:06', '2017-06-11 00:53:06', NULL),
(199, 24, 20, 4, '2017-06-11 00:53:06', '2017-06-11 00:53:06', NULL),
(200, 35, 68, 3, '2017-06-11 00:53:06', '2017-06-11 00:53:06', NULL),
(201, 84, 93, 4, '2017-06-11 00:53:06', '2017-06-11 00:53:06', NULL),
(202, 28, 61, 2, '2017-06-11 00:53:06', '2017-06-11 00:53:06', NULL),
(203, 35, 3, 2, '2017-06-11 00:53:06', '2017-06-11 00:53:06', NULL),
(204, 24, 1, 6, '2017-06-11 00:53:06', '2017-06-11 00:53:06', NULL),
(205, 32, 86, 9, '2017-06-11 00:53:06', '2017-06-11 00:53:06', NULL),
(206, 86, 4, 7, '2017-06-11 00:53:06', '2017-06-11 00:53:06', NULL),
(207, 74, 79, 11, '2017-06-11 00:53:06', '2017-06-11 00:53:06', NULL),
(208, 30, 8, 15, '2017-06-11 00:53:06', '2017-06-11 00:53:06', NULL),
(209, 47, 1, 9, '2017-06-11 00:53:06', '2017-06-11 00:53:06', NULL),
(210, 12, 94, 10, '2017-06-11 00:53:06', '2017-06-11 00:53:06', NULL),
(211, 23, 66, 11, '2017-06-11 00:53:06', '2017-06-11 00:53:06', NULL),
(212, 59, 48, 6, '2017-06-11 00:53:06', '2017-06-11 00:53:06', NULL),
(213, 48, 63, 8, '2017-06-11 00:53:06', '2017-06-11 00:53:06', NULL),
(214, 67, 34, 11, '2017-06-11 00:53:06', '2017-06-11 00:53:06', NULL),
(215, 42, 22, 9, '2017-06-11 00:53:06', '2017-06-11 00:53:06', NULL),
(216, 15, 18, 6, '2017-06-11 00:53:06', '2017-06-11 00:53:06', NULL),
(217, 59, 9, 11, '2017-06-11 00:53:06', '2017-06-11 00:53:06', NULL),
(218, 68, 43, 10, '2017-06-11 00:53:06', '2017-06-11 00:53:06', NULL),
(219, 68, 84, 14, '2017-06-11 00:53:06', '2017-06-11 00:53:06', NULL),
(220, 51, 60, 14, '2017-06-11 00:53:06', '2017-06-11 00:53:06', NULL),
(221, 93, 6, 15, '2017-06-11 00:53:06', '2017-06-11 00:53:06', NULL),
(222, 89, 80, 13, '2017-06-11 00:53:06', '2017-06-11 00:53:06', NULL),
(223, 88, 15, 15, '2017-06-11 00:53:06', '2017-06-11 00:53:06', NULL),
(224, 2, 36, 9, '2017-06-11 00:53:06', '2017-06-11 00:53:06', NULL),
(225, 23, 77, 7, '2017-06-11 00:53:06', '2017-06-11 00:53:06', NULL),
(226, 25, 2, 13, '2017-06-11 00:53:06', '2017-06-11 00:53:06', NULL),
(227, 9, 92, 15, '2017-06-11 00:53:06', '2017-06-11 00:53:06', NULL),
(228, 98, 16, 9, '2017-06-11 00:53:06', '2017-06-11 00:53:06', NULL),
(229, 47, 30, 9, '2017-06-11 00:53:06', '2017-06-11 00:53:06', NULL),
(230, 56, 2, 13, '2017-06-11 00:53:06', '2017-06-11 00:53:06', NULL),
(231, 29, 6, 7, '2017-06-11 00:53:06', '2017-06-11 00:53:06', NULL),
(232, 49, 60, 8, '2017-06-11 00:53:06', '2017-06-11 00:53:06', NULL),
(233, 61, 45, 13, '2017-06-11 00:53:06', '2017-06-11 00:53:06', NULL),
(234, 4, 24, 10, '2017-06-11 00:53:06', '2017-06-11 00:53:06', NULL),
(235, 11, 28, 9, '2017-06-11 00:53:06', '2017-06-11 00:53:06', NULL),
(236, 87, 43, 8, '2017-06-11 00:53:06', '2017-06-11 00:53:06', NULL),
(237, 68, 49, 13, '2017-06-11 00:53:06', '2017-06-11 00:53:06', NULL),
(238, 54, 39, 4, '2017-06-11 00:53:06', '2017-06-11 00:53:06', NULL),
(239, 84, 77, 8, '2017-06-11 00:53:06', '2017-06-11 00:53:06', NULL),
(240, 75, 57, 15, '2017-06-11 00:53:06', '2017-06-11 00:53:06', NULL),
(241, 42, 8, 7, '2017-06-11 00:53:06', '2017-06-11 00:53:06', NULL),
(242, 14, 13, 6, '2017-06-11 00:53:06', '2017-06-11 00:53:06', NULL),
(243, 31, 14, 9, '2017-06-11 00:53:06', '2017-06-11 00:53:06', NULL),
(244, 13, 50, 13, '2017-06-11 00:53:06', '2017-06-11 00:53:06', NULL),
(245, 79, 71, 3, '2017-06-11 00:53:06', '2017-06-11 00:53:06', NULL),
(246, 63, 36, 13, '2017-06-11 00:53:06', '2017-06-11 00:53:06', NULL),
(247, 71, 26, 3, '2017-06-11 00:53:06', '2017-06-11 00:53:06', NULL),
(248, 90, 95, 12, '2017-06-11 00:53:06', '2017-06-11 00:53:06', NULL),
(249, 17, 36, 9, '2017-06-11 00:53:06', '2017-06-11 00:53:06', NULL),
(250, 53, 95, 13, '2017-06-11 00:53:06', '2017-06-11 00:53:06', NULL),
(251, 73, 11, 14, '2017-06-11 00:53:06', '2017-06-11 00:53:06', NULL),
(252, 28, 81, 9, '2017-06-11 00:53:06', '2017-06-11 00:53:06', NULL),
(253, 61, 17, 13, '2017-06-11 00:53:06', '2017-06-11 00:53:06', NULL),
(254, 42, 96, 11, '2017-06-11 00:53:06', '2017-06-11 00:53:06', NULL),
(255, 91, 84, 5, '2017-06-11 00:53:06', '2017-06-11 00:53:06', NULL),
(256, 58, 36, 13, '2017-06-11 00:53:06', '2017-06-11 00:53:06', NULL),
(257, 68, 67, 6, '2017-06-11 00:53:06', '2017-06-11 00:53:06', NULL),
(258, 100, 79, 3, '2017-06-11 00:53:06', '2017-06-11 00:53:06', NULL),
(259, 15, 96, 4, '2017-06-11 00:53:06', '2017-06-11 00:53:06', NULL),
(260, 26, 36, 3, '2017-06-11 00:53:06', '2017-06-11 00:53:06', NULL),
(261, 46, 27, 5, '2017-06-11 00:53:06', '2017-06-11 00:53:06', NULL),
(262, 23, 95, 6, '2017-06-11 00:53:06', '2017-06-11 00:53:06', NULL),
(263, 72, 32, 13, '2017-06-11 00:53:06', '2017-06-11 00:53:06', NULL),
(264, 88, 29, 12, '2017-06-11 00:53:06', '2017-06-11 00:53:06', NULL),
(265, 57, 21, 14, '2017-06-11 00:53:06', '2017-06-11 00:53:06', NULL),
(266, 85, 87, 3, '2017-06-11 00:53:06', '2017-06-11 00:53:06', NULL),
(267, 65, 12, 11, '2017-06-11 00:53:06', '2017-06-11 00:53:06', NULL),
(268, 85, 11, 3, '2017-06-11 00:53:06', '2017-06-11 00:53:06', NULL),
(269, 70, 68, 13, '2017-06-11 00:53:06', '2017-06-11 00:53:06', NULL),
(270, 27, 93, 10, '2017-06-11 00:53:06', '2017-06-11 00:53:06', NULL),
(271, 21, 76, 12, '2017-06-11 00:53:06', '2017-06-11 00:53:06', NULL),
(272, 56, 64, 11, '2017-06-11 00:53:06', '2017-06-11 00:53:06', NULL),
(273, 22, 100, 15, '2017-06-11 00:53:06', '2017-06-11 00:53:06', NULL),
(274, 94, 39, 10, '2017-06-11 00:53:06', '2017-06-11 00:53:06', NULL),
(275, 89, 41, 6, '2017-06-11 00:53:06', '2017-06-11 00:53:06', NULL),
(276, 85, 26, 2, '2017-06-11 00:53:06', '2017-06-11 00:53:06', NULL),
(277, 41, 58, 2, '2017-06-11 00:53:06', '2017-06-11 00:53:06', NULL),
(278, 77, 91, 4, '2017-06-11 00:53:06', '2017-06-11 00:53:06', NULL),
(279, 19, 32, 4, '2017-06-11 00:53:06', '2017-06-11 00:53:06', NULL),
(280, 2, 12, 9, '2017-06-11 00:53:06', '2017-06-11 00:53:06', NULL),
(281, 16, 56, 4, '2017-06-11 00:53:06', '2017-06-11 00:53:06', NULL),
(282, 32, 46, 13, '2017-06-11 00:53:06', '2017-06-11 00:53:06', NULL),
(283, 50, 76, 7, '2017-06-11 00:53:06', '2017-06-11 00:53:06', NULL),
(284, 28, 18, 6, '2017-06-11 00:53:06', '2017-06-11 00:53:06', NULL),
(285, 91, 86, 3, '2017-06-11 00:53:06', '2017-06-11 00:53:06', NULL),
(286, 4, 48, 6, '2017-06-11 00:53:06', '2017-06-11 00:53:06', NULL),
(287, 10, 29, 2, '2017-06-11 00:53:06', '2017-06-11 00:53:06', NULL),
(288, 65, 100, 5, '2017-06-11 00:53:06', '2017-06-11 00:53:06', NULL),
(289, 25, 47, 3, '2017-06-11 00:53:06', '2017-06-11 00:53:06', NULL),
(290, 3, 92, 8, '2017-06-11 00:53:06', '2017-06-11 00:53:06', NULL),
(291, 80, 34, 14, '2017-06-11 00:53:06', '2017-06-11 00:53:06', NULL),
(292, 31, 48, 7, '2017-06-11 00:53:06', '2017-06-11 00:53:06', NULL),
(293, 69, 13, 15, '2017-06-11 00:53:06', '2017-06-11 00:53:06', NULL),
(294, 2, 77, 8, '2017-06-11 00:53:06', '2017-06-11 00:53:06', NULL),
(295, 60, 99, 14, '2017-06-11 00:53:06', '2017-06-11 00:53:06', NULL),
(296, 62, 42, 9, '2017-06-11 00:53:06', '2017-06-11 00:53:06', NULL),
(297, 83, 76, 14, '2017-06-11 00:53:06', '2017-06-11 00:53:06', NULL),
(298, 84, 15, 3, '2017-06-11 00:53:06', '2017-06-11 00:53:06', NULL),
(299, 51, 35, 4, '2017-06-11 00:53:06', '2017-06-11 00:53:06', NULL),
(300, 7, 15, 11, '2017-06-11 00:53:06', '2017-06-11 00:53:06', NULL),
(301, 30, 18, 3, '2017-06-11 00:53:06', '2017-06-11 00:53:06', NULL),
(302, 29, 3, 15, '2017-06-11 00:53:06', '2017-06-11 00:53:06', NULL),
(303, 30, 10, 8, '2017-06-11 00:53:06', '2017-06-11 00:53:06', NULL),
(304, 98, 5, 8, '2017-06-11 00:53:06', '2017-06-11 00:53:06', NULL),
(305, 7, 98, 3, '2017-06-11 00:53:06', '2017-06-11 00:53:06', NULL),
(306, 53, 45, 9, '2017-06-11 00:53:06', '2017-06-11 00:53:06', NULL),
(307, 41, 70, 11, '2017-06-11 00:53:06', '2017-06-11 00:53:06', NULL),
(308, 97, 99, 11, '2017-06-11 00:53:06', '2017-06-11 00:53:06', NULL),
(309, 8, 41, 2, '2017-06-11 00:53:06', '2017-06-11 00:53:06', NULL),
(310, 19, 89, 8, '2017-06-11 00:53:06', '2017-06-11 00:53:06', NULL),
(311, 19, 43, 2, '2017-06-11 00:53:06', '2017-06-11 00:53:06', NULL),
(312, 13, 66, 6, '2017-06-11 00:53:06', '2017-06-11 00:53:06', NULL),
(313, 87, 25, 11, '2017-06-11 00:53:06', '2017-06-11 00:53:06', NULL),
(314, 16, 32, 6, '2017-06-11 00:53:06', '2017-06-11 00:53:06', NULL),
(315, 69, 45, 6, '2017-06-11 00:53:06', '2017-06-11 00:53:06', NULL),
(316, 4, 58, 2, '2017-06-11 00:53:06', '2017-06-11 00:53:06', NULL),
(317, 76, 67, 11, '2017-06-11 00:53:06', '2017-06-11 00:53:06', NULL),
(318, 88, 27, 3, '2017-06-11 00:53:06', '2017-06-11 00:53:06', NULL),
(319, 99, 57, 3, '2017-06-11 00:53:06', '2017-06-11 00:53:06', NULL),
(320, 9, 96, 11, '2017-06-11 00:53:06', '2017-06-11 00:53:06', NULL),
(321, 14, 21, 5, '2017-06-11 00:53:06', '2017-06-11 00:53:06', NULL),
(322, 62, 24, 9, '2017-06-11 00:53:06', '2017-06-11 00:53:06', NULL),
(323, 87, 30, 8, '2017-06-11 00:53:06', '2017-06-11 00:53:06', NULL),
(324, 1, 19, 7, '2017-06-11 00:53:06', '2017-06-11 00:53:06', NULL),
(325, 24, 39, 9, '2017-06-11 00:53:06', '2017-06-11 00:53:06', NULL),
(326, 40, 20, 2, '2017-06-11 00:53:06', '2017-06-11 00:53:06', NULL),
(327, 51, 89, 10, '2017-06-11 00:53:06', '2017-06-11 00:53:06', NULL),
(328, 96, 49, 11, '2017-06-11 00:53:06', '2017-06-11 00:53:06', NULL),
(329, 59, 57, 6, '2017-06-11 00:53:06', '2017-06-11 00:53:06', NULL),
(330, 57, 55, 14, '2017-06-11 00:53:06', '2017-06-11 00:53:06', NULL),
(331, 54, 84, 7, '2017-06-11 00:53:06', '2017-06-11 00:53:06', NULL),
(332, 14, 94, 10, '2017-06-11 00:53:06', '2017-06-11 00:53:06', NULL),
(333, 17, 10, 2, '2017-06-11 00:53:06', '2017-06-11 00:53:06', NULL),
(334, 83, 31, 10, '2017-06-11 00:53:06', '2017-06-11 00:53:06', NULL),
(335, 70, 87, 2, '2017-06-11 00:53:06', '2017-06-11 00:53:06', NULL),
(336, 97, 12, 7, '2017-06-11 00:53:06', '2017-06-11 00:53:06', NULL),
(337, 24, 90, 15, '2017-06-11 00:53:06', '2017-06-11 00:53:06', NULL),
(338, 71, 82, 14, '2017-06-11 00:53:06', '2017-06-11 00:53:06', NULL),
(339, 94, 55, 12, '2017-06-11 00:53:06', '2017-06-11 00:53:06', NULL),
(340, 80, 75, 4, '2017-06-11 00:53:06', '2017-06-11 00:53:06', NULL),
(341, 29, 24, 13, '2017-06-11 00:53:06', '2017-06-11 00:53:06', NULL),
(342, 73, 66, 14, '2017-06-11 00:53:06', '2017-06-11 00:53:06', NULL),
(343, 6, 11, 5, '2017-06-11 00:53:06', '2017-06-11 00:53:06', NULL),
(344, 5, 36, 5, '2017-06-11 00:53:06', '2017-06-11 00:53:06', NULL),
(345, 9, 56, 13, '2017-06-11 00:53:06', '2017-06-11 00:53:06', NULL),
(346, 61, 50, 8, '2017-06-11 00:53:06', '2017-06-11 00:53:06', NULL),
(347, 58, 16, 15, '2017-06-11 00:53:06', '2017-06-11 00:53:06', NULL),
(348, 18, 72, 14, '2017-06-11 00:53:06', '2017-06-11 00:53:06', NULL),
(349, 20, 59, 3, '2017-06-11 00:53:06', '2017-06-11 00:53:06', NULL),
(350, 63, 10, 4, '2017-06-11 00:53:06', '2017-06-11 00:53:06', NULL),
(351, 68, 5, 7, '2017-06-11 00:53:06', '2017-06-11 00:53:06', NULL),
(352, 30, 17, 4, '2017-06-11 00:53:06', '2017-06-11 00:53:06', NULL),
(353, 45, 26, 4, '2017-06-11 00:53:06', '2017-06-11 00:53:06', NULL),
(354, 10, 27, 9, '2017-06-11 00:53:06', '2017-06-11 00:53:06', NULL),
(355, 68, 54, 7, '2017-06-11 00:53:06', '2017-06-11 00:53:06', NULL),
(356, 34, 12, 2, '2017-06-11 00:53:06', '2017-06-11 00:53:06', NULL),
(357, 44, 40, 6, '2017-06-11 00:53:06', '2017-06-11 00:53:06', NULL),
(358, 11, 30, 14, '2017-06-11 00:53:06', '2017-06-11 00:53:06', NULL),
(359, 43, 85, 13, '2017-06-11 00:53:06', '2017-06-11 00:53:06', NULL),
(360, 98, 17, 5, '2017-06-11 00:53:06', '2017-06-11 00:53:06', NULL),
(361, 31, 76, 3, '2017-06-11 00:53:06', '2017-06-11 00:53:06', NULL),
(362, 54, 66, 4, '2017-06-11 00:53:06', '2017-06-11 00:53:06', NULL),
(363, 77, 79, 12, '2017-06-11 00:53:06', '2017-06-11 00:53:06', NULL),
(364, 4, 75, 15, '2017-06-11 00:53:06', '2017-06-11 00:53:06', NULL),
(365, 24, 97, 8, '2017-06-11 00:53:06', '2017-06-11 00:53:06', NULL),
(366, 50, 30, 13, '2017-06-11 00:53:06', '2017-06-11 00:53:06', NULL),
(367, 90, 7, 13, '2017-06-11 00:53:06', '2017-06-11 00:53:06', NULL),
(368, 99, 44, 14, '2017-06-11 00:53:06', '2017-06-11 00:53:06', NULL),
(369, 79, 17, 12, '2017-06-11 00:53:06', '2017-06-11 00:53:06', NULL),
(370, 47, 6, 10, '2017-06-11 00:53:06', '2017-06-11 00:53:06', NULL),
(371, 74, 82, 12, '2017-06-11 00:53:06', '2017-06-11 00:53:06', NULL),
(372, 17, 45, 8, '2017-06-11 00:53:06', '2017-06-11 00:53:06', NULL),
(373, 36, 18, 10, '2017-06-11 00:53:06', '2017-06-11 00:53:06', NULL),
(374, 75, 64, 12, '2017-06-11 00:53:06', '2017-06-11 00:53:06', NULL),
(375, 51, 63, 5, '2017-06-11 00:53:06', '2017-06-11 00:53:06', NULL),
(376, 10, 13, 2, '2017-06-11 00:53:06', '2017-06-11 00:53:06', NULL),
(377, 77, 37, 2, '2017-06-11 00:53:06', '2017-06-11 00:53:06', NULL),
(378, 99, 36, 7, '2017-06-11 00:53:06', '2017-06-11 00:53:06', NULL),
(379, 88, 28, 4, '2017-06-11 00:53:06', '2017-06-11 00:53:06', NULL),
(380, 15, 55, 5, '2017-06-11 00:53:06', '2017-06-11 00:53:06', NULL),
(381, 96, 38, 6, '2017-06-11 00:53:06', '2017-06-11 00:53:06', NULL),
(382, 10, 86, 5, '2017-06-11 00:53:06', '2017-06-11 00:53:06', NULL),
(383, 75, 100, 10, '2017-06-11 00:53:06', '2017-06-11 00:53:06', NULL),
(384, 61, 54, 8, '2017-06-11 00:53:06', '2017-06-11 00:53:06', NULL),
(385, 76, 35, 2, '2017-06-11 00:53:06', '2017-06-11 00:53:06', NULL),
(386, 22, 91, 6, '2017-06-11 00:53:06', '2017-06-11 00:53:06', NULL),
(387, 51, 18, 12, '2017-06-11 00:53:06', '2017-06-11 00:53:06', NULL),
(388, 53, 56, 12, '2017-06-11 00:53:06', '2017-06-11 00:53:06', NULL),
(389, 87, 57, 10, '2017-06-11 00:53:06', '2017-06-11 00:53:06', NULL),
(390, 1, 72, 7, '2017-06-11 00:53:06', '2017-06-11 00:53:06', NULL),
(391, 65, 81, 6, '2017-06-11 00:53:06', '2017-06-11 00:53:06', NULL),
(392, 42, 1, 12, '2017-06-11 00:53:06', '2017-06-11 00:53:06', NULL),
(393, 64, 77, 12, '2017-06-11 00:53:06', '2017-06-11 00:53:06', NULL),
(394, 66, 64, 3, '2017-06-11 00:53:06', '2017-06-11 00:53:06', NULL),
(395, 91, 72, 5, '2017-06-11 00:53:06', '2017-06-11 00:53:06', NULL),
(396, 75, 81, 4, '2017-06-11 00:53:06', '2017-06-11 00:53:06', NULL),
(397, 95, 100, 15, '2017-06-11 00:53:06', '2017-06-11 00:53:06', NULL),
(398, 80, 27, 13, '2017-06-11 00:53:06', '2017-06-11 00:53:06', NULL),
(399, 33, 8, 3, '2017-06-11 00:53:06', '2017-06-11 00:53:06', NULL),
(400, 18, 20, 10, '2017-06-11 00:53:06', '2017-06-11 00:53:06', NULL),
(401, 83, 78, 8, '2017-06-11 00:53:06', '2017-06-11 00:53:06', NULL),
(402, 96, 5, 8, '2017-06-11 00:53:06', '2017-06-11 00:53:06', NULL),
(403, 66, 84, 12, '2017-06-11 00:53:06', '2017-06-11 00:53:06', NULL),
(404, 22, 77, 14, '2017-06-11 00:53:06', '2017-06-11 00:53:06', NULL),
(405, 39, 64, 13, '2017-06-11 00:53:06', '2017-06-11 00:53:06', NULL),
(406, 46, 95, 14, '2017-06-11 00:53:06', '2017-06-11 00:53:06', NULL),
(407, 99, 81, 8, '2017-06-11 00:53:06', '2017-06-11 00:53:06', NULL),
(408, 98, 30, 7, '2017-06-11 00:53:06', '2017-06-11 00:53:06', NULL),
(409, 57, 47, 15, '2017-06-11 00:53:07', '2017-06-11 00:53:07', NULL),
(410, 100, 93, 15, '2017-06-11 00:53:07', '2017-06-11 00:53:07', NULL),
(411, 81, 42, 7, '2017-06-11 00:53:07', '2017-06-11 00:53:07', NULL),
(412, 95, 33, 3, '2017-06-11 00:53:07', '2017-06-11 00:53:07', NULL),
(413, 96, 88, 12, '2017-06-11 00:53:07', '2017-06-11 00:53:07', NULL),
(414, 58, 88, 2, '2017-06-11 00:53:07', '2017-06-11 00:53:07', NULL),
(415, 31, 65, 3, '2017-06-11 00:53:07', '2017-06-11 00:53:07', NULL),
(416, 41, 20, 8, '2017-06-11 00:53:07', '2017-06-11 00:53:07', NULL),
(417, 17, 33, 13, '2017-06-11 00:53:07', '2017-06-11 00:53:07', NULL),
(418, 49, 42, 2, '2017-06-11 00:53:07', '2017-06-11 00:53:07', NULL),
(419, 60, 80, 8, '2017-06-11 00:53:07', '2017-06-11 00:53:07', NULL),
(420, 36, 94, 4, '2017-06-11 00:53:07', '2017-06-11 00:53:07', NULL),
(421, 53, 8, 3, '2017-06-11 00:53:07', '2017-06-11 00:53:07', NULL),
(422, 52, 39, 2, '2017-06-11 00:53:07', '2017-06-11 00:53:07', NULL),
(423, 98, 80, 15, '2017-06-11 00:53:07', '2017-06-11 00:53:07', NULL),
(424, 61, 48, 7, '2017-06-11 00:53:07', '2017-06-11 00:53:07', NULL),
(425, 46, 17, 10, '2017-06-11 00:53:07', '2017-06-11 00:53:07', NULL),
(426, 27, 76, 11, '2017-06-11 00:53:07', '2017-06-11 00:53:07', NULL),
(427, 48, 14, 11, '2017-06-11 00:53:07', '2017-06-11 00:53:07', NULL),
(428, 66, 11, 2, '2017-06-11 00:53:07', '2017-06-11 00:53:07', NULL),
(429, 85, 5, 13, '2017-06-11 00:53:07', '2017-06-11 00:53:07', NULL),
(430, 6, 38, 6, '2017-06-11 00:53:07', '2017-06-11 00:53:07', NULL),
(431, 45, 80, 12, '2017-06-11 00:53:07', '2017-06-11 00:53:07', NULL),
(432, 28, 9, 12, '2017-06-11 00:53:07', '2017-06-11 00:53:07', NULL),
(433, 51, 97, 11, '2017-06-11 00:53:07', '2017-06-11 00:53:07', NULL),
(434, 96, 27, 13, '2017-06-11 00:53:07', '2017-06-11 00:53:07', NULL),
(435, 56, 90, 8, '2017-06-11 00:53:07', '2017-06-11 00:53:07', NULL),
(436, 34, 4, 9, '2017-06-11 00:53:07', '2017-06-11 00:53:07', NULL),
(437, 61, 60, 7, '2017-06-11 00:53:07', '2017-06-11 00:53:07', NULL),
(438, 29, 27, 10, '2017-06-11 00:53:07', '2017-06-11 00:53:07', NULL),
(439, 57, 29, 5, '2017-06-11 00:53:07', '2017-06-11 00:53:07', NULL),
(440, 86, 63, 10, '2017-06-11 00:53:07', '2017-06-11 00:53:07', NULL),
(441, 47, 16, 3, '2017-06-11 00:53:07', '2017-06-11 00:53:07', NULL),
(442, 81, 32, 11, '2017-06-11 00:53:07', '2017-06-11 00:53:07', NULL),
(443, 98, 95, 7, '2017-06-11 00:53:07', '2017-06-11 00:53:07', NULL),
(444, 18, 74, 8, '2017-06-11 00:53:07', '2017-06-11 00:53:07', NULL),
(445, 12, 79, 14, '2017-06-11 00:53:07', '2017-06-11 00:53:07', NULL),
(446, 90, 26, 6, '2017-06-11 00:53:07', '2017-06-11 00:53:07', NULL),
(447, 27, 41, 5, '2017-06-11 00:53:07', '2017-06-11 00:53:07', NULL),
(448, 12, 32, 8, '2017-06-11 00:53:07', '2017-06-11 00:53:07', NULL),
(449, 9, 51, 4, '2017-06-11 00:53:07', '2017-06-11 00:53:07', NULL),
(450, 71, 1, 9, '2017-06-11 00:53:07', '2017-06-11 00:53:07', NULL),
(451, 77, 1, 2, '2017-06-11 00:53:07', '2017-06-11 00:53:07', NULL),
(452, 42, 79, 6, '2017-06-11 00:53:07', '2017-06-11 00:53:07', NULL),
(453, 15, 73, 5, '2017-06-11 00:53:07', '2017-06-11 00:53:07', NULL),
(454, 55, 31, 14, '2017-06-11 00:53:07', '2017-06-11 00:53:07', NULL),
(455, 5, 41, 8, '2017-06-11 00:53:07', '2017-06-11 00:53:07', NULL),
(456, 100, 25, 7, '2017-06-11 00:53:07', '2017-06-11 00:53:07', NULL),
(457, 53, 49, 5, '2017-06-11 00:53:07', '2017-06-11 00:53:07', NULL),
(458, 42, 75, 11, '2017-06-11 00:53:07', '2017-06-11 00:53:07', NULL),
(459, 36, 22, 11, '2017-06-11 00:53:07', '2017-06-11 00:53:07', NULL),
(460, 16, 29, 15, '2017-06-11 00:53:07', '2017-06-11 00:53:07', NULL),
(461, 50, 6, 15, '2017-06-11 00:53:07', '2017-06-11 00:53:07', NULL),
(462, 38, 7, 11, '2017-06-11 00:53:07', '2017-06-11 00:53:07', NULL),
(463, 61, 16, 2, '2017-06-11 00:53:07', '2017-06-11 00:53:07', NULL),
(464, 21, 66, 13, '2017-06-11 00:53:07', '2017-06-11 00:53:07', NULL),
(465, 47, 21, 12, '2017-06-11 00:53:07', '2017-06-11 00:53:07', NULL),
(466, 58, 32, 6, '2017-06-11 00:53:07', '2017-06-11 00:53:07', NULL),
(467, 31, 32, 7, '2017-06-11 00:53:07', '2017-06-11 00:53:07', NULL),
(468, 23, 61, 8, '2017-06-11 00:53:07', '2017-06-11 00:53:07', NULL),
(469, 92, 88, 15, '2017-06-11 00:53:07', '2017-06-11 00:53:07', NULL),
(470, 3, 26, 14, '2017-06-11 00:53:07', '2017-06-11 00:53:07', NULL),
(471, 85, 11, 13, '2017-06-11 00:53:07', '2017-06-11 00:53:07', NULL),
(472, 64, 85, 12, '2017-06-11 00:53:07', '2017-06-11 00:53:07', NULL),
(473, 35, 45, 15, '2017-06-11 00:53:07', '2017-06-11 00:53:07', NULL),
(474, 54, 39, 2, '2017-06-11 00:53:07', '2017-06-11 00:53:07', NULL),
(475, 43, 81, 4, '2017-06-11 00:53:07', '2017-06-11 00:53:07', NULL),
(476, 97, 84, 13, '2017-06-11 00:53:07', '2017-06-11 00:53:07', NULL),
(477, 55, 17, 13, '2017-06-11 00:53:07', '2017-06-11 00:53:07', NULL),
(478, 50, 54, 2, '2017-06-11 00:53:07', '2017-06-11 00:53:07', NULL),
(479, 83, 35, 8, '2017-06-11 00:53:07', '2017-06-11 00:53:07', NULL),
(480, 93, 46, 8, '2017-06-11 00:53:07', '2017-06-11 00:53:07', NULL),
(481, 54, 84, 9, '2017-06-11 00:53:07', '2017-06-11 00:53:07', NULL),
(482, 11, 2, 6, '2017-06-11 00:53:07', '2017-06-11 00:53:07', NULL),
(483, 20, 82, 11, '2017-06-11 00:53:07', '2017-06-11 00:53:07', NULL),
(484, 19, 5, 5, '2017-06-11 00:53:07', '2017-06-11 00:53:07', NULL),
(485, 98, 9, 2, '2017-06-11 00:53:07', '2017-06-11 00:53:07', NULL),
(486, 18, 46, 3, '2017-06-11 00:53:07', '2017-06-11 00:53:07', NULL),
(487, 96, 90, 11, '2017-06-11 00:53:07', '2017-06-11 00:53:07', NULL),
(488, 43, 2, 4, '2017-06-11 00:53:07', '2017-06-11 00:53:07', NULL),
(489, 76, 1, 2, '2017-06-11 00:53:07', '2017-06-11 00:53:07', NULL),
(490, 87, 74, 5, '2017-06-11 00:53:07', '2017-06-11 00:53:07', NULL),
(491, 61, 36, 5, '2017-06-11 00:53:07', '2017-06-11 00:53:07', NULL),
(492, 28, 54, 15, '2017-06-11 00:53:07', '2017-06-11 00:53:07', NULL),
(493, 17, 32, 9, '2017-06-11 00:53:07', '2017-06-11 00:53:07', NULL),
(494, 4, 41, 13, '2017-06-11 00:53:07', '2017-06-11 00:53:07', NULL),
(495, 55, 31, 5, '2017-06-11 00:53:07', '2017-06-11 00:53:07', NULL),
(496, 14, 77, 10, '2017-06-11 00:53:07', '2017-06-11 00:53:07', NULL),
(497, 49, 51, 5, '2017-06-11 00:53:07', '2017-06-11 00:53:07', NULL),
(498, 50, 68, 11, '2017-06-11 00:53:07', '2017-06-11 00:53:07', NULL),
(499, 89, 47, 6, '2017-06-11 00:53:07', '2017-06-11 00:53:07', NULL),
(500, 31, 91, 7, '2017-06-11 00:53:07', '2017-06-11 00:53:07', NULL),
(501, 68, 56, 14, '2017-06-11 00:53:07', '2017-06-11 00:53:07', NULL),
(502, 4, 36, 14, '2017-06-11 00:53:07', '2017-06-11 00:53:07', NULL),
(503, 15, 46, 11, '2017-06-11 00:53:07', '2017-06-11 00:53:07', NULL),
(504, 39, 40, 3, '2017-06-11 00:53:07', '2017-06-11 00:53:07', NULL),
(505, 39, 21, 4, '2017-06-11 00:53:07', '2017-06-11 00:53:07', NULL),
(506, 99, 99, 5, '2017-06-11 00:53:07', '2017-06-11 00:53:07', NULL),
(507, 70, 71, 6, '2017-06-11 00:53:07', '2017-06-11 00:53:07', NULL),
(508, 21, 39, 15, '2017-06-11 00:53:07', '2017-06-11 00:53:07', NULL),
(509, 27, 75, 11, '2017-06-11 00:53:07', '2017-06-11 00:53:07', NULL),
(510, 75, 88, 14, '2017-06-11 00:53:07', '2017-06-11 00:53:07', NULL),
(511, 73, 66, 3, '2017-06-11 00:53:07', '2017-06-11 00:53:07', NULL),
(512, 82, 50, 10, '2017-06-11 00:53:07', '2017-06-11 00:53:07', NULL),
(513, 78, 30, 3, '2017-06-11 00:53:07', '2017-06-11 00:53:07', NULL),
(514, 16, 71, 7, '2017-06-11 00:53:07', '2017-06-11 00:53:07', NULL),
(515, 55, 14, 6, '2017-06-11 00:53:07', '2017-06-11 00:53:07', NULL),
(516, 75, 53, 7, '2017-06-11 00:53:07', '2017-06-11 00:53:07', NULL),
(517, 7, 88, 7, '2017-06-11 00:53:07', '2017-06-11 00:53:07', NULL),
(518, 35, 33, 14, '2017-06-11 00:53:07', '2017-06-11 00:53:07', NULL),
(519, 73, 34, 12, '2017-06-11 00:53:07', '2017-06-11 00:53:07', NULL),
(520, 7, 35, 11, '2017-06-11 00:53:07', '2017-06-11 00:53:07', NULL),
(521, 33, 3, 14, '2017-06-11 00:53:07', '2017-06-11 00:53:07', NULL),
(522, 79, 78, 3, '2017-06-11 00:53:07', '2017-06-11 00:53:07', NULL),
(523, 9, 85, 11, '2017-06-11 00:53:07', '2017-06-11 00:53:07', NULL),
(524, 2, 28, 13, '2017-06-11 00:53:07', '2017-06-11 00:53:07', NULL),
(525, 24, 27, 10, '2017-06-11 00:53:07', '2017-06-11 00:53:07', NULL),
(526, 71, 31, 9, '2017-06-11 00:53:07', '2017-06-11 00:53:07', NULL),
(527, 37, 51, 2, '2017-06-11 00:53:07', '2017-06-11 00:53:07', NULL),
(528, 100, 90, 14, '2017-06-11 00:53:07', '2017-06-11 00:53:07', NULL),
(529, 79, 17, 8, '2017-06-11 00:53:07', '2017-06-11 00:53:07', NULL),
(530, 45, 73, 15, '2017-06-11 00:53:07', '2017-06-11 00:53:07', NULL),
(531, 13, 57, 10, '2017-06-11 00:53:07', '2017-06-11 00:53:07', NULL),
(532, 78, 85, 12, '2017-06-11 00:53:07', '2017-06-11 00:53:07', NULL),
(533, 25, 62, 9, '2017-06-11 00:53:07', '2017-06-11 00:53:07', NULL),
(534, 29, 34, 8, '2017-06-11 00:53:07', '2017-06-11 00:53:07', NULL),
(535, 92, 45, 12, '2017-06-11 00:53:07', '2017-06-11 00:53:07', NULL),
(536, 15, 32, 6, '2017-06-11 00:53:07', '2017-06-11 00:53:07', NULL),
(537, 64, 75, 14, '2017-06-11 00:53:07', '2017-06-11 00:53:07', NULL),
(538, 63, 59, 8, '2017-06-11 00:53:07', '2017-06-11 00:53:07', NULL),
(539, 32, 13, 13, '2017-06-11 00:53:07', '2017-06-11 00:53:07', NULL),
(540, 27, 39, 13, '2017-06-11 00:53:07', '2017-06-11 00:53:07', NULL),
(541, 111, 103, 1, '2017-06-11 01:43:58', '2017-06-11 01:43:58', NULL),
(542, 111, 106, 1, '2017-06-11 01:43:58', '2017-06-11 01:43:58', NULL),
(543, 111, 109, 1, '2017-06-11 01:43:58', '2017-06-11 01:43:58', NULL),
(544, 111, 110, 1, '2017-06-11 01:43:58', '2017-06-11 01:43:58', NULL),
(545, 112, 32, 2, '2017-06-11 01:54:58', '2017-06-11 01:54:58', NULL),
(546, 112, 106, 2, '2017-06-11 01:54:58', '2017-06-11 01:54:58', NULL),
(547, 112, 109, 1, '2017-06-11 01:54:58', '2017-06-11 01:54:58', NULL);

-- --------------------------------------------------------

--
-- Table structure for table `password_resets`
--

CREATE TABLE `password_resets` (
  `email` varchar(255) COLLATE utf8_unicode_ci NOT NULL,
  `token` varchar(255) COLLATE utf8_unicode_ci NOT NULL,
  `created_at` timestamp NOT NULL DEFAULT CURRENT_TIMESTAMP ON UPDATE CURRENT_TIMESTAMP
) ENGINE=InnoDB DEFAULT CHARSET=utf8 COLLATE=utf8_unicode_ci;

-- --------------------------------------------------------

--
-- Table structure for table `permissions`
--

CREATE TABLE `permissions` (
  `id` int(10) UNSIGNED NOT NULL,
  `permission_name` varchar(255) COLLATE utf8_unicode_ci NOT NULL,
  `created_at` timestamp NULL DEFAULT NULL,
  `updated_at` timestamp NULL DEFAULT NULL,
  `deleted_at` timestamp NULL DEFAULT NULL
) ENGINE=InnoDB DEFAULT CHARSET=utf8 COLLATE=utf8_unicode_ci;

--
-- Dumping data for table `permissions`
--

INSERT INTO `permissions` (`id`, `permission_name`, `created_at`, `updated_at`, `deleted_at`) VALUES
(1, 'none', '2017-06-11 00:53:07', '2017-06-11 00:53:07', NULL),
(2, 'admin', '2017-06-11 00:53:07', '2017-06-11 00:53:07', NULL),
(3, 'client', '2017-06-11 00:53:07', '2017-06-11 00:53:07', NULL);

-- --------------------------------------------------------

--
-- Table structure for table `products`
--

CREATE TABLE `products` (
  `id` int(10) UNSIGNED NOT NULL,
  `product_name` varchar(255) COLLATE utf8_unicode_ci NOT NULL,
  `product_price` int(255) NOT NULL,
  `product_description` text COLLATE utf8_unicode_ci,
  `product_details` text COLLATE utf8_unicode_ci,
  `product_quantity` int(11) NOT NULL DEFAULT '0',
  `product_admin_verify` int(11) NOT NULL DEFAULT '0',
  `category_id` int(10) UNSIGNED NOT NULL,
  `created_at` timestamp NULL DEFAULT NULL,
  `updated_at` timestamp NULL DEFAULT NULL,
  `deleted_at` timestamp NULL DEFAULT NULL
) ENGINE=InnoDB DEFAULT CHARSET=utf8 COLLATE=utf8_unicode_ci;

--
-- Dumping data for table `products`
--

INSERT INTO `products` (`id`, `product_name`, `product_price`, `product_description`, `product_details`, `product_quantity`, `product_admin_verify`, `category_id`, `created_at`, `updated_at`, `deleted_at`) VALUES
(1, 'pro_Crist, Kovacek and Smitham', 19874, 'Iste quia sit quia iusto.', 'Quos ex est mollitia est quis quas deserunt. Ipsum dolor ut voluptatibus eaque officiis sit voluptate aliquam.', 17, 0, 9, '2017-06-11 00:53:04', '2017-06-11 00:53:04', NULL),
(2, 'pro_Marquardt-Friesen', 15036, 'Praesentium odio reiciendis sed repellendus labore.', 'Est ad quo eos et eos distinctio. Adipisci rem rerum qui voluptatem autem facere quas. Nam ut enim et eius non qui.', 30, 1, 2, '2017-06-11 00:53:04', '2017-06-11 00:53:04', NULL),
(3, 'pro_Kozey, Abernathy and Haag', 10833, 'Voluptatibus voluptatem et quia tempore.', 'Dolorem ut neque est voluptatum pariatur. Et dolor quibusdam id sapiente nam nam. Nulla harum molestias molestias magnam enim qui. Dolor ex et culpa esse nisi tenetur.', 36, 1, 2, '2017-06-11 00:53:04', '2017-06-11 00:53:04', NULL),
(4, 'pro_Paucek-McCullough', 556, 'Iusto saepe quasi aut natus nihil quia est.', 'Quasi ratione quia veniam. Minima soluta facilis velit quos. Ea natus in et unde ut est rem vitae.', 49, 0, 3, '2017-06-11 00:53:04', '2017-06-11 00:53:04', NULL),
(5, 'pro_Goldner Ltd', 8969, 'Ullam ut dolor id error esse qui.', 'Rerum aut perferendis et esse rerum. Dolore saepe corporis aut numquam sint explicabo ut. Et consequatur ratione est asperiores numquam nihil. Ut explicabo rerum ea voluptas.', 52, 0, 4, '2017-06-11 00:53:04', '2017-06-11 00:53:04', NULL),
(6, 'pro_Dickens LLC', 2448, 'Possimus officiis sapiente iste facilis.', 'Quasi omnis inventore placeat atque tempora. Culpa consequatur voluptatem nemo ut cupiditate. Voluptas ex recusandae distinctio est repellat. Ea est dolores repudiandae possimus laborum aperiam.', 53, 1, 6, '2017-06-11 00:53:04', '2017-06-11 00:53:04', NULL),
(7, 'pro_Ruecker, Ledner and Wunsch', 10549, 'Minima saepe sunt perspiciatis.', 'Praesentium illo a dolor architecto dolor doloribus ipsam. Voluptas in eum in consequuntur. Et quia quo iste velit ad tenetur.\nError est sed unde unde. Magni alias id vel aliquid et maiores.', 49, 0, 5, '2017-06-11 00:53:04', '2017-06-11 00:53:04', NULL),
(8, 'pro_Mann, Ruecker and Medhurst', 4432, 'Impedit magni facere sequi sequi.', 'Ut vero aut occaecati dolores velit molestiae aliquid voluptas. Est eos quis nemo. Neque est natus ipsam numquam vel sunt temporibus.', 39, 1, 6, '2017-06-11 00:53:04', '2017-06-11 00:53:04', NULL),
(9, 'pro_Feil-Rippin', 10194, 'Neque hic voluptas maiores illum et enim vero.', 'Eos voluptatem odio dolor sit sed sint et. Totam quo autem voluptas necessitatibus repellat. At id est ab ipsum cupiditate sed. Dolor quia officiis et vitae eos eligendi eum quam.', 12, 1, 5, '2017-06-11 00:53:04', '2017-06-11 00:53:04', NULL),
(10, 'pro_Beatty, Kuphal and Wintheiser', 9527, 'Voluptatibus ut et sint odio reiciendis earum consequatur.', 'Repellendus animi quisquam non rerum iure tempora ut. Temporibus qui aliquid ut quas molestias qui hic.', 34, 1, 7, '2017-06-11 00:53:04', '2017-06-11 00:53:04', NULL),
(11, 'pro_Runolfsdottir-Schuppe', 2081, 'Inventore deserunt quia at alias dolor commodi.', 'In sed nostrum non vel quo commodi. Voluptatem voluptatem natus eaque accusamus non.', 44, 1, 10, '2017-06-11 00:53:04', '2017-06-11 00:53:04', NULL),
(12, 'pro_Ankunding LLC', 12626, 'Asperiores blanditiis deserunt eligendi quo quaerat molestiae expedita.', 'Consequuntur in sit non voluptas. Quo a quo dolore illum dignissimos unde ratione eius. Iste nam omnis tempore quis nisi tempora.', 10, 0, 3, '2017-06-11 00:53:04', '2017-06-11 00:53:04', NULL),
(13, 'pro_Connelly-Hodkiewicz', 22610, 'Dolorum sit molestiae dolore quasi amet.', 'Ut nobis corrupti deserunt quibusdam. Ut accusamus magni libero mollitia. Odio aliquam a quia tempore doloremque consequatur. Et veniam sequi animi ut quo molestiae.', 35, 1, 7, '2017-06-11 00:53:04', '2017-06-11 00:53:04', NULL),
(14, 'pro_Tillman, Hauck and Huels', 24861, 'Hic beatae necessitatibus est eaque consectetur voluptas quod.', 'Delectus nostrum quam at recusandae qui ipsum. Eos eos error et quam ex recusandae. Autem dolorem quibusdam sed voluptas cupiditate optio quod sint.', 34, 1, 7, '2017-06-11 00:53:04', '2017-06-11 00:53:04', NULL),
(15, 'pro_Jaskolski-Vandervort', 24895, 'Asperiores mollitia laborum delectus et.', 'Minus quidem eos eum ea qui architecto. Modi hic eos officia cumque. Quo quaerat fugit est dignissimos esse exercitationem sint aut.', 11, 1, 1, '2017-06-11 00:53:04', '2017-06-11 00:53:04', NULL),
(16, 'pro_Torphy PLC', 19423, 'Id cupiditate error et quod itaque dolorem.', 'Illo recusandae odio rerum itaque. Et qui repellendus qui impedit quis. Ut sapiente esse consequatur aut. Voluptate aut optio voluptate cum sed maxime.', 21, 0, 2, '2017-06-11 00:53:04', '2017-06-11 00:53:04', NULL),
(17, 'pro_Torp-Braun', 18363, 'Sint dolores odio aut amet repellendus nostrum.', 'Molestiae officia repellat aperiam aspernatur. Enim pariatur maiores enim molestiae. Qui laboriosam qui quae nam. Quidem consequatur cumque est id dignissimos voluptatum ex.', 39, 0, 4, '2017-06-11 00:53:04', '2017-06-11 00:53:04', NULL),
(18, 'pro_Ondricka-Pollich', 24805, 'Ad et eos corrupti ut at vero tenetur.', 'Deserunt reiciendis facere earum vel. Exercitationem placeat fugiat modi. Eum quidem consectetur laudantium et doloribus. Voluptatibus id omnis accusantium sequi.', 54, 1, 8, '2017-06-11 00:53:04', '2017-06-11 00:53:04', NULL),
(19, 'pro_Hirthe, Ebert and Jakubowski', 7954, 'Quia voluptates veniam nisi voluptatem doloremque ea.', 'Et pariatur ab ut omnis. Autem soluta ab numquam quia cum et quas. Provident eos in non perspiciatis asperiores distinctio.', 50, 1, 1, '2017-06-11 00:53:04', '2017-06-11 00:53:04', NULL),
(20, 'pro_Wiegand-Gulgowski', 11883, 'Ut et quos in.', 'Labore quia officiis sed. Nobis dolor laborum est vero. Qui id commodi ut repellendus rerum ea sed. Doloribus rerum accusantium culpa sequi ut vel.', 37, 0, 7, '2017-06-11 00:53:04', '2017-06-11 00:53:04', NULL),
(21, 'pro_Schneider Ltd', 5937, 'Laboriosam architecto praesentium rerum eos velit.', 'Ut quis minima aut optio. Alias et non sunt necessitatibus neque. Ut omnis eligendi unde modi modi aut.', 25, 0, 3, '2017-06-11 00:53:04', '2017-06-11 00:53:04', NULL),
(22, 'pro_O\'Conner-Prohaska', 16121, 'Quibusdam culpa omnis est atque.', 'Aliquam cupiditate et debitis et sed. Sunt sit aut culpa nesciunt corrupti rerum et. Voluptate quia quia ducimus autem quas animi.', 9, 1, 10, '2017-06-11 00:53:04', '2017-06-11 00:53:04', NULL),
(23, 'pro_Bruen, Senger and Ziemann', 25426, 'Ipsum ut harum quidem odit atque at id.', 'Amet amet sunt minus facere. Voluptatem tenetur explicabo eveniet eos earum.\nSint debitis est temporibus qui dolore. Corporis fugit et quae ad.', 23, 0, 10, '2017-06-11 00:53:04', '2017-06-11 00:53:04', NULL),
(24, 'pro_Fritsch Group', 24982, 'Ut dolorem quibusdam error ut quia sint.', 'Et tenetur illo id. Quo ipsa quia maiores doloremque. Ut in odio eveniet adipisci deleniti corporis rem.', 29, 1, 8, '2017-06-11 00:53:04', '2017-06-11 00:53:04', NULL),
(25, 'pro_Rippin and Sons', 12793, 'Quos illo consequuntur assumenda praesentium nisi voluptatem suscipit.', 'Quia autem fugit est qui nulla officiis. Magnam modi sint qui vero ut dolorem ratione est. Sunt id facere consequatur. Autem qui libero dolor dolor maxime ratione aliquam.', 24, 0, 10, '2017-06-11 00:53:04', '2017-06-11 00:53:04', NULL),
(26, 'pro_Zulauf LLC', 12921, 'Cupiditate provident velit adipisci.', 'Eos exercitationem aliquid molestiae ab eum ut deleniti eaque. Vitae possimus sit enim numquam et dolor ad. Natus debitis est ab at nesciunt rerum.', 47, 1, 3, '2017-06-11 00:53:04', '2017-06-11 00:53:04', NULL),
(27, 'pro_Schiller, Mayer and Ondricka', 26303, 'Enim quam voluptas sunt iure nesciunt ad.', 'Quo et esse adipisci voluptatem odit. Totam libero rerum modi accusantium explicabo. Fugiat aut itaque eius asperiores aut blanditiis.', 10, 1, 2, '2017-06-11 00:53:04', '2017-06-11 00:53:04', NULL),
(28, 'pro_Conn Inc', 19964, 'Corrupti in distinctio aspernatur magni rem.', 'Voluptatem velit rerum inventore aut similique. Placeat atque dolores soluta aut incidunt. Et et ipsa sit quisquam aliquam quas enim. Delectus dicta in atque unde aut.', 48, 0, 9, '2017-06-11 00:53:04', '2017-06-11 00:53:04', NULL),
(29, 'pro_Mayert Ltd', 21856, 'Quibusdam non optio consequatur id dignissimos.', 'Qui occaecati suscipit in aut tempore aspernatur. Quo nulla corrupti laboriosam est. Dicta dolor officia eius omnis. Eos aut est et alias qui.', 17, 1, 5, '2017-06-11 00:53:04', '2017-06-11 00:53:04', NULL),
(30, 'pro_Sporer-Wilderman', 3469, 'Et natus tempora est aut occaecati.', 'Ut dolore fugit rerum numquam. Expedita consequatur et illum veniam eum sunt voluptatem. Illo ut quia nostrum iste ut sit.', 31, 0, 2, '2017-06-11 00:53:04', '2017-06-11 00:53:04', NULL),
(31, 'pro_McDermott, Aufderhar and Veum', 27144, 'Totam ut amet in hic.', 'Est fuga in ducimus dolorum sint. Sint molestiae enim error libero quas. Et quia optio dolorem tempore. Laborum necessitatibus sit veniam tempora similique.', 5, 1, 9, '2017-06-11 00:53:04', '2017-06-11 00:53:04', NULL),
(32, 'pro_Hirthe and Sons', 6119, 'Quaerat ipsum rem id beatae soluta.', 'Quod est enim molestiae corrupti animi sapiente sed. Omnis et omnis et facilis qui sed ipsum. Non vitae vitae nihil voluptate pariatur.', 30, 1, 5, '2017-06-11 00:53:04', '2017-06-11 00:53:04', NULL),
(33, 'pro_Pfannerstill, Ankunding and Schumm', 29465, 'Sint atque et vel nam non quibusdam quas.', 'Occaecati assumenda omnis veritatis itaque provident. Sequi fuga quo repudiandae. Ut accusamus qui soluta animi aliquam sed eveniet.', 35, 0, 10, '2017-06-11 00:53:04', '2017-06-11 00:53:04', NULL),
(34, 'pro_Hansen, Hills and Kozey', 20841, 'Eveniet voluptatum omnis consequatur voluptate.', 'Corporis porro qui illum inventore voluptate velit voluptatem. Aut ratione sapiente cum sit enim. Incidunt voluptas iusto minus numquam aliquam sed laboriosam quis.', 21, 0, 6, '2017-06-11 00:53:04', '2017-06-11 00:53:04', NULL),
(35, 'pro_Bechtelar Group', 27718, 'Magnam nihil voluptate recusandae ut et ullam enim harum.', 'Minus fugiat necessitatibus sed sed omnis. Qui accusamus sint iure vel excepturi et et. Molestias reprehenderit consequatur maxime.', 41, 1, 4, '2017-06-11 00:53:04', '2017-06-11 00:53:04', NULL),
(36, 'pro_Ebert LLC', 11274, 'Ipsam non corrupti fugit soluta.', 'Et alias id consequatur rerum sunt. Laborum consequatur suscipit natus repudiandae voluptatibus quidem. Ut aut est minima.', 25, 0, 7, '2017-06-11 00:53:04', '2017-06-11 00:53:04', NULL),
(37, 'pro_Champlin LLC', 7056, 'Voluptas aut dolores aperiam nemo molestias asperiores perspiciatis.', 'Autem ipsum dolore quo. Reprehenderit nihil omnis unde non placeat. Est tenetur dolore et quis doloremque repellendus est. Quas perferendis esse temporibus quasi voluptatum cumque nisi consequuntur.', 47, 1, 10, '2017-06-11 00:53:04', '2017-06-11 00:53:04', NULL),
(38, 'pro_Renner, Bechtelar and Connelly', 29034, 'Deleniti labore asperiores ut et in impedit.', 'Dolor molestiae iusto asperiores voluptas. Ipsa laboriosam qui delectus itaque ipsa. Corporis voluptas enim incidunt at.', 18, 0, 3, '2017-06-11 00:53:04', '2017-06-11 00:53:04', NULL),
(39, 'pro_Wintheiser, Zboncak and Schimmel', 18666, 'Exercitationem ea esse ut nulla autem.', 'Modi quia in quibusdam doloremque sequi blanditiis. Nobis vitae fuga rerum quibusdam vero assumenda qui. Et dolorem officiis nesciunt expedita.', 48, 1, 1, '2017-06-11 00:53:04', '2017-06-11 00:53:04', NULL),
(40, 'pro_Pfannerstill and Sons', 20907, 'Libero nulla unde optio dolorem praesentium.', 'Nihil rerum est iusto quos ratione. Saepe deleniti vitae qui incidunt pariatur.', 31, 0, 2, '2017-06-11 00:53:04', '2017-06-11 00:53:04', NULL),
(41, 'pro_Runolfsson Inc', 556, 'Quam id enim accusantium.', 'Autem qui debitis quod quisquam dolores. Qui omnis dolor repellendus fugiat qui dolores. Libero itaque incidunt ducimus voluptas quia est odio. Beatae ex libero alias natus.', 12, 0, 4, '2017-06-11 00:53:04', '2017-06-11 00:53:04', NULL),
(42, 'pro_Monahan-Grady', 14199, 'Soluta ut molestiae dignissimos rerum omnis.', 'Non aliquid explicabo iusto eum quidem perspiciatis. Maiores sit nesciunt est ipsa. Ipsam voluptates ut inventore ea enim incidunt. Nam nesciunt earum doloremque numquam atque ut enim nostrum.', 9, 0, 5, '2017-06-11 00:53:04', '2017-06-11 00:53:04', NULL),
(43, 'pro_Borer, Schaden and Schmitt', 22420, 'Ipsum fugit iste adipisci quaerat velit cupiditate.', 'Pariatur reprehenderit ut consequatur odio aut excepturi. Nesciunt perspiciatis ut harum voluptas. Natus nam adipisci nihil atque quae eum.', 41, 1, 4, '2017-06-11 00:53:04', '2017-06-11 00:53:04', NULL),
(44, 'pro_Hermiston, O\'Connell and Will', 6716, 'Nulla quia sint est.', 'At magni eos laudantium ut illum unde. Inventore consequuntur commodi ea iure possimus voluptatem. Laboriosam laboriosam tenetur doloremque suscipit maxime vel possimus praesentium.', 41, 1, 7, '2017-06-11 00:53:04', '2017-06-11 00:53:04', NULL),
(45, 'pro_Balistreri PLC', 21806, 'Corporis nam quisquam est provident quo quia.', 'Possimus ut laborum fugit possimus qui dolorem. Quidem laudantium aspernatur quibusdam porro quod exercitationem. Accusantium animi consequatur facilis.', 18, 1, 3, '2017-06-11 00:53:04', '2017-06-11 00:53:04', NULL),
(46, 'pro_Koelpin, Hirthe and Dicki', 27858, 'Culpa fugit inventore suscipit harum necessitatibus veniam numquam.', 'Incidunt et architecto beatae eius sit assumenda dolor labore. Velit quia ad quam ullam voluptatem commodi explicabo. Necessitatibus doloremque laborum alias sed aut sit blanditiis.', 38, 0, 9, '2017-06-11 00:53:04', '2017-06-11 00:53:04', NULL),
(47, 'pro_Nitzsche, Kilback and Hintz', 24802, 'Numquam odit accusamus quam libero similique consequatur quis.', 'Iure quidem et quia at sunt deleniti. Nisi voluptatum unde eaque suscipit dignissimos. Et eum officia ex distinctio ut odit.', 53, 1, 3, '2017-06-11 00:53:04', '2017-06-11 00:53:04', NULL),
(48, 'pro_Kovacek PLC', 28896, 'Dolore consequatur minima incidunt doloribus.', 'Aut officia ut et illum non sunt est. Quo quis accusantium et itaque assumenda facilis. Consequatur aliquam quas totam quo et.', 41, 1, 3, '2017-06-11 00:53:04', '2017-06-11 00:53:04', NULL),
(49, 'pro_Johnston-Abernathy', 10964, 'Cumque cum illo aliquam ea.', 'Dolores ipsa voluptas blanditiis molestiae voluptas. Consequatur optio praesentium corporis excepturi recusandae quos. Maiores accusamus corrupti repellat accusantium at.', 47, 1, 1, '2017-06-11 00:53:04', '2017-06-11 00:53:04', NULL),
(50, 'pro_Okuneva and Sons', 24258, 'Eaque laudantium quia nam neque dolores rerum.', 'Iusto deserunt exercitationem officiis sed. Qui impedit fuga officiis error. Quo adipisci sapiente blanditiis ad perferendis qui velit. Quidem est eos excepturi esse.', 17, 0, 5, '2017-06-11 00:53:04', '2017-06-11 00:53:04', NULL),
(51, 'pro_Kerluke-O\'Keefe', 5613, 'Tenetur sequi numquam saepe est sit quo molestias.', 'Consequatur ut et sapiente mollitia. Tempora et debitis accusamus quaerat recusandae dolores qui. Ut facere ducimus id quaerat laborum. Eligendi sapiente cupiditate nihil.', 15, 1, 9, '2017-06-11 00:53:04', '2017-06-11 00:53:04', NULL),
(52, 'pro_Kessler Ltd', 13782, 'Natus beatae quis voluptas facere voluptatibus molestiae.', 'Inventore aliquam sint quis sint. Mollitia beatae id accusantium sint eum qui vel. Sapiente porro tempore saepe eos perferendis.', 42, 0, 3, '2017-06-11 00:53:04', '2017-06-11 00:53:04', NULL),
(53, 'pro_VonRueden LLC', 10097, 'Error assumenda voluptas numquam et corrupti numquam.', 'Officiis et deleniti quod dolorum. Labore nulla est asperiores et ut eos est. Et in et doloribus eos quia ut sed.', 40, 0, 1, '2017-06-11 00:53:04', '2017-06-11 00:53:04', NULL),
(54, 'pro_Gaylord-Waelchi', 2439, 'Deserunt quia quis ab quidem.', 'Ut excepturi aut qui voluptas. Soluta excepturi sed totam. Quam id dolor soluta distinctio quia consequatur est. Explicabo ex corporis consequatur velit ut quos.', 13, 0, 8, '2017-06-11 00:53:04', '2017-06-11 00:53:04', NULL),
(55, 'pro_Hansen PLC', 18946, 'Enim qui quasi harum numquam.', 'Dolorem tempore vitae hic culpa. Quia ut nihil deserunt deleniti cumque. Debitis similique impedit sint dolorum ut sint. Veniam doloremque aut laboriosam dolores consequuntur quo.', 42, 0, 7, '2017-06-11 00:53:04', '2017-06-11 00:53:04', NULL),
(56, 'pro_Ziemann LLC', 3968, 'Esse ad aliquid qui consequatur.', 'Voluptas autem at ea omnis. Accusantium optio id voluptatem natus voluptas odit. Nisi dolores sapiente eum neque voluptate necessitatibus. Omnis odit repellat incidunt consequatur et unde.', 14, 1, 4, '2017-06-11 00:53:04', '2017-06-11 00:53:04', NULL),
(57, 'pro_Beahan-Mante', 29687, 'Est ipsa sit recusandae neque sunt.', 'Aut voluptates quisquam voluptas. Ea dolorum ea in quas veritatis pariatur.', 32, 0, 6, '2017-06-11 00:53:04', '2017-06-11 00:53:04', NULL),
(58, 'pro_Turner-Reilly', 14874, 'Dolores amet id provident enim nobis et molestiae.', 'Id eligendi perspiciatis accusantium. Nam corrupti qui aut aut consequatur eius esse sed. Saepe explicabo dignissimos dolores iste eligendi.', 43, 0, 9, '2017-06-11 00:53:04', '2017-06-11 00:53:04', NULL),
(59, 'pro_Tillman-Kreiger', 24791, 'Aliquid dolor et et cumque.', 'Et veritatis ipsa consectetur sunt voluptatem quasi eos dolorum. Aut nemo maiores velit occaecati aut quia eum. Placeat illo officiis eum et mollitia.', 30, 0, 3, '2017-06-11 00:53:04', '2017-06-11 00:53:04', NULL),
(60, 'pro_Little, Bayer and Carter', 12783, 'Quod non maiores sunt hic.', 'Repellendus nesciunt aut aut assumenda eligendi voluptates architecto. Qui distinctio nulla laboriosam veniam rerum et amet.', 28, 0, 7, '2017-06-11 00:53:04', '2017-06-11 00:53:04', NULL),
(61, 'pro_Schimmel and Sons', 18811, 'In porro ut quasi aut neque voluptatibus.', 'Alias illum qui et. Dolor consequuntur non tempora vel. Consequatur quo saepe est quidem qui.', 45, 0, 6, '2017-06-11 00:53:04', '2017-06-11 00:53:04', NULL),
(62, 'pro_Heathcote, Altenwerth and Luettgen', 5591, 'Aliquid ut eligendi qui suscipit molestiae ratione ipsam.', 'Eum modi qui nihil sed saepe. Dolore ex amet repellendus est aut. Consectetur adipisci perspiciatis omnis molestias sed.', 41, 1, 8, '2017-06-11 00:53:04', '2017-06-11 00:53:04', NULL),
(63, 'pro_West, Grant and Swaniawski', 25179, 'Reiciendis nobis odit eum tempore explicabo harum.', 'Quasi ipsa vel quas sapiente nihil explicabo consequatur. Quo beatae tempore possimus necessitatibus. In ducimus eaque sint et sint. Laborum excepturi aliquid quia ipsa aut.', 10, 1, 5, '2017-06-11 00:53:04', '2017-06-11 00:53:04', NULL),
(64, 'pro_Leannon, Wisozk and Satterfield', 749, 'Veritatis non pariatur esse ullam quaerat sint.', 'Quia labore et ea eum ratione. Nulla sit quo et aut eveniet. Beatae nesciunt quam ullam accusantium cumque. Et nisi placeat velit exercitationem facere.', 24, 1, 6, '2017-06-11 00:53:04', '2017-06-11 00:53:04', NULL),
(65, 'pro_Hoppe-Thompson', 26943, 'Quas ut quaerat est.', 'Non eos atque animi laudantium commodi. Et dolores in hic culpa nulla fugiat in qui. Quibusdam quo consequatur vel.', 24, 1, 5, '2017-06-11 00:53:04', '2017-06-11 00:53:04', NULL),
(66, 'pro_Ziemann, Green and Hermiston', 3087, 'Doloremque earum est sunt aliquid veritatis.', 'Nobis voluptas quod qui natus minus. Recusandae deserunt aut occaecati optio eligendi saepe omnis aut. Totam culpa ex et quasi molestiae voluptatem. Fuga iusto nemo culpa. Labore maxime eos repellat.', 34, 1, 3, '2017-06-11 00:53:04', '2017-06-11 00:53:04', NULL),
(67, 'pro_Shanahan, Considine and Heathcote', 4729, 'Pariatur quidem odit tempora est neque vero occaecati.', 'Occaecati iste ab dolorem suscipit. Repellendus molestiae laudantium aut magni. Aut odit nulla sunt vel. Dolores fugiat voluptas omnis rerum ullam.', 36, 0, 3, '2017-06-11 00:53:04', '2017-06-11 00:53:04', NULL),
(68, 'pro_Balistreri-Gleason', 19417, 'Quod ut velit aut perferendis.', 'Molestias possimus aut officia dolores ex. Repudiandae earum aut omnis alias tempora voluptas laborum.', 25, 1, 6, '2017-06-11 00:53:04', '2017-06-11 00:53:04', NULL),
(69, 'pro_Kulas-Johnson', 12377, 'Est dolores quos dolores est sit esse fuga architecto.', 'Fugiat ut saepe fuga nostrum impedit. Non doloremque pariatur esse delectus voluptatem. Aliquid eos velit voluptatem debitis voluptatem.', 49, 0, 3, '2017-06-11 00:53:04', '2017-06-11 00:53:04', NULL),
(70, 'pro_O\'Conner Ltd', 2137, 'Id voluptatem enim nihil commodi sunt.', 'Praesentium exercitationem repudiandae ad. Nemo magni dolor dicta. Ipsa saepe et et magnam aut laboriosam.', 37, 0, 10, '2017-06-11 00:53:04', '2017-06-11 00:53:04', NULL),
(71, 'pro_Goyette PLC', 20961, 'Assumenda eveniet placeat autem nostrum placeat et aut.', 'Aut qui placeat distinctio optio sit. Ipsa perspiciatis nulla deleniti nam. Voluptate quo odio cupiditate. Odit velit nobis corporis quia et eos voluptatem dolorem.', 11, 1, 2, '2017-06-11 00:53:04', '2017-06-11 00:53:04', NULL),
(72, 'pro_Corwin Ltd', 15838, 'Voluptatem est quos ut quo autem.', 'Alias ea dolore est alias voluptates et. Similique ullam voluptatem sint. Praesentium vel et voluptatem repellendus incidunt aut. Velit dignissimos itaque quaerat illo blanditiis.', 23, 0, 3, '2017-06-11 00:53:04', '2017-06-11 00:53:04', NULL),
(73, 'pro_Lowe, Kovacek and Goldner', 23296, 'Excepturi quam ea rerum quia dolorem.', 'Aut voluptatem veritatis fuga. Officiis alias sed sapiente ullam voluptatum ipsa enim. Commodi sit ad voluptatem corrupti. Est magnam deserunt reprehenderit placeat iste consequatur in.', 54, 1, 9, '2017-06-11 00:53:04', '2017-06-11 00:53:04', NULL),
(74, 'pro_Mueller-Schultz', 3556, 'Aspernatur quas occaecati porro est animi a iusto voluptatum.', 'Tempora cupiditate non perspiciatis ea perspiciatis quas odit. Ut assumenda in nesciunt voluptates voluptas aspernatur rerum. Ut ea corrupti ducimus nostrum voluptate.', 53, 1, 6, '2017-06-11 00:53:04', '2017-06-11 00:53:04', NULL),
(75, 'pro_Considine PLC', 9112, 'Velit incidunt et repellat eum velit autem.', 'Doloremque reprehenderit excepturi repellat inventore adipisci. Aliquid ipsam voluptatem rerum temporibus sint in id voluptas. Est ipsum distinctio qui praesentium est.', 35, 1, 4, '2017-06-11 00:53:04', '2017-06-11 00:53:04', NULL),
(76, 'pro_Cartwright, Altenwerth and Reynolds', 16237, 'Fugit expedita minus repellat corrupti eaque nisi numquam.', 'Eum aspernatur accusamus ducimus quis omnis ducimus occaecati. Quidem ratione non velit libero. Dolores quae cupiditate soluta enim.', 9, 1, 8, '2017-06-11 00:53:04', '2017-06-11 00:53:04', NULL),
(77, 'pro_Murazik Inc', 29308, 'Maxime ex commodi omnis vel ipsum.', 'Et tempore modi et eius. Culpa nulla occaecati enim quis possimus ut a. Culpa alias autem et aliquid nulla voluptatibus aut. Numquam eum aliquam consequuntur hic voluptates est.', 49, 1, 2, '2017-06-11 00:53:04', '2017-06-11 00:53:04', NULL),
(78, 'pro_Hudson, Sauer and Osinski', 20218, 'Ipsum iure corporis exercitationem inventore numquam quo.', 'Enim non vel provident et est recusandae. Perspiciatis est ea omnis ratione. Velit incidunt quo voluptatem temporibus qui et corporis iure.', 28, 0, 7, '2017-06-11 00:53:04', '2017-06-11 00:53:04', NULL),
(79, 'pro_Halvorson, Walter and Murazik', 22520, 'Non ab voluptatum esse et iure.', 'Labore voluptates cupiditate atque et. Quisquam est ea consequatur maiores deleniti minima. Sint nihil velit enim delectus corrupti. Quisquam iusto quod perferendis accusamus voluptatibus alias.', 16, 0, 3, '2017-06-11 00:53:04', '2017-06-11 00:53:04', NULL),
(80, 'pro_Bogan, Schaden and Roob', 7850, 'Magni ex vitae et voluptatibus voluptatem exercitationem est distinctio.', 'Aut corporis odit voluptatem assumenda ducimus. Quia et ut autem ea perspiciatis. Alias velit consequatur ea sunt nemo.', 52, 1, 7, '2017-06-11 00:53:04', '2017-06-11 00:53:04', NULL),
(81, 'pro_Predovic PLC', 6023, 'Quae et dignissimos soluta tempora eum.', 'Reprehenderit illo harum cumque omnis magnam. Hic facere quos aut fugit illo voluptatum. Quis corrupti in laboriosam et veritatis est inventore.', 26, 1, 10, '2017-06-11 00:53:04', '2017-06-11 00:53:04', NULL),
(82, 'pro_Marvin-Huel', 7420, 'Est nobis enim beatae aperiam fuga quia.', 'Quis minima assumenda incidunt omnis. Ducimus sit facilis nemo. Non rerum vitae debitis esse natus architecto voluptatibus.', 29, 1, 9, '2017-06-11 00:53:04', '2017-06-11 00:53:04', NULL),
(83, 'pro_Stamm, Rowe and Wisoky', 14253, 'Voluptatum beatae eos est sint accusamus consequatur et et.', 'Est quia illo sed. Magnam nihil impedit consectetur aut consequuntur quia. Provident aut ut est dicta animi sint.', 33, 0, 4, '2017-06-11 00:53:04', '2017-06-11 00:53:04', NULL),
(84, 'pro_Sipes, Nader and Prohaska', 3865, 'Dolor dolor est at dicta enim.', 'Sit vero ad rerum cum eveniet facilis similique. Accusamus voluptates aut voluptatem consequatur et alias. Impedit sit et sint ea aut.', 29, 0, 6, '2017-06-11 00:53:04', '2017-06-11 00:53:04', NULL),
(85, 'pro_Stoltenberg-Purdy', 11702, 'Quia ex earum adipisci.', 'Praesentium molestiae nostrum delectus ullam accusamus modi consequatur. Optio est itaque dignissimos quaerat culpa veritatis. Velit ab quaerat qui quam consequuntur ipsum quis.', 48, 0, 6, '2017-06-11 00:53:04', '2017-06-11 00:53:04', NULL),
(86, 'pro_Dooley, Sporer and Ziemann', 2772, 'Magni vitae placeat ut.', 'Impedit est aut aliquid dolor. Quos eum impedit labore voluptatum est voluptates debitis. Hic alias veritatis et cupiditate sint.', 5, 1, 3, '2017-06-11 00:53:04', '2017-06-11 00:53:04', NULL),
(87, 'pro_Ondricka Inc', 18397, 'Asperiores totam distinctio perspiciatis omnis.', 'Iure eius vero sequi autem dolor aliquam ut vero. Nobis autem accusamus repellendus provident necessitatibus. Et natus voluptas enim. Tempore cumque tempore sunt voluptatum et quo.', 39, 1, 1, '2017-06-11 00:53:05', '2017-06-11 00:53:05', NULL),
(88, 'pro_Sauer, Crist and Greenholt', 25399, 'Hic similique possimus est maiores cupiditate.', 'Tempore praesentium reiciendis necessitatibus. Est perferendis est et esse ullam. Omnis minus repudiandae nihil voluptas atque et.', 7, 0, 9, '2017-06-11 00:53:05', '2017-06-11 00:53:05', NULL),
(89, 'pro_Paucek-Quigley', 17401, 'Dolor laboriosam voluptate qui minus.', 'Placeat omnis ab et ea ea velit inventore molestiae. Optio enim asperiores accusantium enim. Consectetur omnis sapiente eligendi eum esse at dolores.', 18, 1, 4, '2017-06-11 00:53:05', '2017-06-11 00:53:05', NULL),
(90, 'pro_Trantow, Feest and Walter', 20305, 'Ullam aspernatur eum similique quos dolorem perferendis.', 'Ipsam sapiente eum odio nobis et. Esse sapiente eaque illum est. Eius culpa voluptas pariatur rerum non consequatur et. Sequi dolorem harum illum error.', 22, 0, 4, '2017-06-11 00:53:05', '2017-06-11 00:53:05', NULL),
(91, 'pro_Kutch-Schroeder', 20731, 'Blanditiis explicabo magnam vitae ipsam delectus.', 'Est nisi unde aperiam iste sed. Iste quas aliquam qui qui et.', 39, 1, 1, '2017-06-11 00:53:05', '2017-06-11 00:53:05', NULL),
(92, 'pro_Jerde, Bernier and Murphy', 9048, 'Qui ut deleniti quis magnam.', 'Quas nobis consequatur reiciendis ratione consequatur vel rem sit. Non dolor aut voluptas amet quisquam. Consequatur quos numquam nam pariatur eum natus.', 54, 1, 9, '2017-06-11 00:53:05', '2017-06-11 00:53:05', NULL),
(93, 'pro_Altenwerth LLC', 25445, 'Eius officiis dolores optio maiores omnis vero.', 'Reprehenderit recusandae numquam et doloribus perferendis tempore sit. Dolore soluta ullam aut pariatur quasi voluptate vel. Ea aut cumque repellat quos.', 27, 0, 2, '2017-06-11 00:53:05', '2017-06-11 00:53:05', NULL),
(94, 'pro_Moore Inc', 24747, 'Voluptates tempore dolorem possimus magni atque soluta voluptate quos.', 'Quia corrupti qui velit nostrum. Id eligendi inventore dolorem harum mollitia. Ipsa eaque ipsa soluta dolore dolorum. Id iusto qui qui.', 33, 0, 4, '2017-06-11 00:53:05', '2017-06-11 00:53:05', NULL),
(95, 'pro_Brown, Mann and Monahan', 10671, 'Explicabo aut debitis sint cupiditate possimus in.', 'Aut aut ut eum voluptatibus est quod. Esse maxime praesentium quibusdam perferendis tempore velit sed. Eligendi dolorem amet delectus accusantium ut est. Quis placeat minus ut omnis.', 24, 0, 8, '2017-06-11 00:53:05', '2017-06-11 00:53:05', NULL),
(96, 'pro_Becker-Goldner', 13439, 'Perspiciatis excepturi ut saepe consequuntur temporibus.', 'Non tempora nihil sit perspiciatis laudantium explicabo. Iusto dolores et unde dolor sint suscipit. Dolore provident iure ad expedita velit et.', 11, 0, 4, '2017-06-11 00:53:05', '2017-06-11 00:53:05', NULL),
(97, 'pro_Orn, Lakin and Ankunding', 22254, 'Unde incidunt nam nam sed.', 'Quia magnam qui deleniti temporibus. Tenetur corrupti officiis praesentium illum similique debitis eum aut. Ullam et sed nostrum blanditiis.', 46, 1, 8, '2017-06-11 00:53:05', '2017-06-11 00:53:05', NULL),
(98, 'pro_Prohaska, Reichert and Ruecker', 20980, 'Qui consequuntur ad sit libero.', 'Voluptatem omnis illo eum dolore harum explicabo. Ut atque sequi quia. Ut mollitia minus aliquid et vel voluptate.', 44, 1, 5, '2017-06-11 00:53:05', '2017-06-11 00:53:05', NULL),
(99, 'pro_Roob and Sons', 7766, 'Quia molestiae quo veniam earum vero harum.', 'Quisquam voluptatem sunt ipsa molestiae quia. Ut id sed architecto sed non. Ut consequuntur atque culpa debitis voluptatum ea laborum.', 34, 0, 3, '2017-06-11 00:53:05', '2017-06-11 00:53:05', NULL),
(100, 'pro_Fahey and Sons', 23035, 'Maiores sit iusto qui reiciendis.', 'Qui aliquid voluptatem vel nemo maxime vel. Doloribus deserunt cum illo. Dolorum voluptatum consequuntur et sint maiores aut sit velit.', 49, 1, 9, '2017-06-11 00:53:05', '2017-06-11 00:53:05', NULL),
(101, 'pro_Skiles, Jaskolski and Mitchell', 17449, 'Nisi eius nemo qui dolore perspiciatis similique quia explicabo.', 'Distinctio vel dolores nihil et dolor veritatis culpa. Aliquam qui dicta non molestiae nulla. Quisquam et ipsa ad ut voluptas.', 54, 0, 2, '2017-06-11 00:53:05', '2017-06-11 00:53:05', NULL),
(102, 'pro_Langosh-Smitham', 20512, 'Dicta ad blanditiis sit quidem.', 'Rerum ut consequatur ea soluta et. Tempora qui fugiat expedita quaerat explicabo. Dolores dolorum et assumenda dignissimos quam laborum. Dolor doloribus eaque rerum non consequuntur.', 28, 1, 2, '2017-06-11 00:53:05', '2017-06-11 00:53:05', NULL),
(103, 'pro_Vandervort-Weber', 28713, 'Autem non nam unde aut enim.', 'Est enim ut et dolore et officia. Est officiis quo ipsam ea illum deleniti aut. Nam laudantium aut et. Doloremque voluptatum dolorum consectetur molestias fuga aut.', 13, 1, 6, '2017-06-11 00:53:05', '2017-06-11 00:53:05', NULL),
(104, 'pro_Koepp-Robel', 19588, 'Voluptas eius culpa sequi eaque maiores.', 'Quo totam vitae aut. Et sit unde aperiam neque cum sunt. Voluptates commodi quia sit error. Provident inventore magnam cumque qui suscipit aspernatur quia non.', 17, 1, 2, '2017-06-11 00:53:05', '2017-06-11 00:53:05', NULL),
(105, 'pro_Lindgren-Gerlach', 15452, 'Qui officia rerum aut aliquam aut.', 'Est perspiciatis officia quas est dicta commodi sint. Sint officiis fugiat quis sed id ut iusto. Porro ea et magnam. Repellendus omnis iste distinctio eos laborum ut.', 7, 0, 8, '2017-06-11 00:53:05', '2017-06-11 00:53:05', NULL),
(106, 'pro_Hand, Johns and Leffler', 10391, 'Esse ipsum labore facere beatae unde omnis quisquam.', 'Beatae quo voluptatem sed et commodi omnis libero aut. Ullam sequi veniam ut molestiae quis ab et. Est voluptas ex odio quibusdam.', 50, 1, 5, '2017-06-11 00:53:05', '2017-06-11 00:53:05', NULL),
(107, 'pro_Leffler PLC', 13229, 'Perspiciatis quis cumque omnis quasi eos adipisci.', 'Sequi omnis rerum dolorem eligendi eum. Vero est repellendus quaerat vel et omnis libero sed. Incidunt eius dicta nam laborum praesentium aut. Consequatur odio nemo consectetur quasi.', 7, 0, 4, '2017-06-11 00:53:05', '2017-06-11 00:53:05', NULL),
(108, 'pro_Walsh-Jerde', 26922, 'Magnam corporis eius assumenda voluptates doloremque.', 'Necessitatibus enim eius doloremque sapiente. In consequuntur incidunt voluptas assumenda delectus. Earum vero voluptatem aperiam. Quia asperiores voluptas maxime nesciunt.', 32, 0, 7, '2017-06-11 00:53:05', '2017-06-11 00:53:05', NULL),
(109, 'pro_Kutch, Wilkinson and Balistreri', 15171, 'Aut odit dicta ut.', 'In et quaerat magni exercitationem est. Porro nemo aut quia et enim dignissimos.', 50, 1, 10, '2017-06-11 00:53:05', '2017-06-11 01:07:38', NULL),
(110, 'pro_VonRueden-Feeney', 25726, 'Voluptatem necessitatibus magni aspernatur aliquam temporibus.', 'Vero cumque iste libero non voluptatem sit. Quis debitis in doloremque est explicabo. Magnam dolorem quidem et voluptatem dignissimos fuga sit et. Voluptatem et repudiandae repellat non in ea.', 31, 1, 5, '2017-06-11 00:53:05', '2017-06-11 01:07:36', NULL);

-- --------------------------------------------------------

--
-- Table structure for table `product_images`
--

CREATE TABLE `product_images` (
  `id` int(10) UNSIGNED NOT NULL,
  `product_id` int(10) UNSIGNED NOT NULL,
  `product_photo` varchar(255) COLLATE utf8_unicode_ci NOT NULL,
  `created_at` timestamp NULL DEFAULT NULL,
  `updated_at` timestamp NULL DEFAULT NULL,
  `deleted_at` timestamp NULL DEFAULT NULL
) ENGINE=InnoDB DEFAULT CHARSET=utf8 COLLATE=utf8_unicode_ci;

-- --------------------------------------------------------

--
-- Table structure for table `users`
--

CREATE TABLE `users` (
  `id` int(10) UNSIGNED NOT NULL,
  `username` varchar(255) COLLATE utf8_unicode_ci NOT NULL,
  `phone` varchar(255) COLLATE utf8_unicode_ci DEFAULT NULL,
  `address` varchar(255) COLLATE utf8_unicode_ci DEFAULT NULL,
  `email` varchar(255) COLLATE utf8_unicode_ci NOT NULL,
  `password` varchar(255) COLLATE utf8_unicode_ci NOT NULL,
  `status` varchar(255) COLLATE utf8_unicode_ci NOT NULL DEFAULT 'activated',
  `permission_id` int(10) UNSIGNED NOT NULL,
  `remember_token` varchar(100) COLLATE utf8_unicode_ci DEFAULT NULL,
  `created_at` timestamp NULL DEFAULT NULL,
  `updated_at` timestamp NULL DEFAULT NULL,
  `deleted_at` timestamp NULL DEFAULT NULL
) ENGINE=InnoDB DEFAULT CHARSET=utf8 COLLATE=utf8_unicode_ci;

--
-- Dumping data for table `users`
--

INSERT INTO `users` (`id`, `username`, `phone`, `address`, `email`, `password`, `status`, `permission_id`, `remember_token`, `created_at`, `updated_at`, `deleted_at`) VALUES
(1, 'Gerda DuBuque I', '(773) 439-8747 x81187', '901 Weber Place\nHoegerton, AL 09065', 'wmoghes@gmail.com', '$2y$10$yUcbNlMniW5C3e2sKgCip.qwbYj1mVO7capK6KRfepuheB2PGR65W', '0', 1, 'LPSWlu55qFuAIulS88dd3pM1TdvX3G1yWXDSBWrtpNAVvjZ6966O4XnwmLx9', '2017-06-11 00:52:58', '2017-06-11 01:23:57', NULL),
(2, 'Hubert Klein', '(934) 838-5558 x917', '1001 Glover Summit\nSchmitthaven, MO 24502', 'kelvin12@example.net', '$2y$10$.7WIIrDbBgOSx.ATr9ACTuqt21SQbP.0Xn4aB03Q0fEHTG2WZTcf2', '1', 2, 'yhumgwapBe6lgwKtp3lpFJhHtDcMDWxYSHG8qv5pWXzi9wXGGjcnI8agfN2R', '2017-06-11 00:52:59', '2017-06-11 00:54:42', NULL),
(3, 'Prof. Jenifer Smith', '628.698.0049 x38732', '14854 Nora Meadow\nPort Providenci, TN 28541', 'bertha.kuvalis@example.com', '$2y$10$a6RGZoLd7FxyLIKJ6hGWCuo8.c1pMtdzPyGiFN5N9TQrlLsaOVR.O', '0', 2, 'oA2LEWvqJi', '2017-06-11 00:52:59', '2017-06-11 00:52:59', NULL),
(4, 'Leonie Hackett', '(764) 935-1540', '167 Hertha Shore Apt. 050\nSouth Traceyton, LA 20601', 'carter02@example.net', '$2y$10$udOO6gxvfGLRbCQdWrCvOujJwybqtet19DIxRwuNlM4VN/CgPRhR.', '1', 2, 'K8KpGzOGV2', '2017-06-11 00:52:59', '2017-06-11 00:52:59', NULL),
(5, 'Bernadette Graham', '297.419.9596', '3265 Grimes Mountains\nWest Nichole, KY 79584-6059', 'yratke@example.com', '$2y$10$B6r8HcvwwsY4gUckbqYgfuBG2m1r3ha87O.WBMLUIr7AQiFIF0HVu', '1', 2, 'cVHVIDoVZC', '2017-06-11 00:52:59', '2017-06-11 00:52:59', NULL),
(6, 'Prof. Roger Davis', '1-487-580-0437 x4423', '603 Jakubowski Gateway\nClotildeville, ID 81669-7505', 'qblick@example.net', '$2y$10$mlitQ66/cNUVoyZ5wpyRsu3AvrCd4KdY71YcKE1qwgc3lrBNgSFqS', '0', 2, 'MvXO2PAvN1', '2017-06-11 00:52:59', '2017-06-11 00:52:59', NULL),
(7, 'Mrs. Aryanna Tromp PhD', '+1-476-790-4190', '5451 Funk Circles Apt. 022\nKleinburgh, CO 92622', 'dbechtelar@example.net', '$2y$10$wC4qiugPIL9HdpdCIF/fm.1O324LG6SIRXWaZjzxItk9OxwpetTty', '1', 2, 'k3bClTlJx8', '2017-06-11 00:52:59', '2017-06-11 00:52:59', NULL),
(8, 'Walton Wisoky', '+1.727.814.4611', '1986 Grace Manors Suite 082\nEast Ceciliatown, KS 23894', 'gibson.leora@example.com', '$2y$10$gWEbGZJDjD.jyeFKg.y05edw/09RtkLoRhou1LrGnNZbRJGmHwxIC', '1', 2, 'Tyjgh0hkmv', '2017-06-11 00:53:00', '2017-06-11 00:53:00', NULL),
(9, 'Dr. Arch Rohan PhD', '1-739-500-4751 x028', '5126 Hickle Rapid Apt. 976\nJacklynside, DC 53634-0119', 'vkoelpin@example.net', '$2y$10$lR1zJrkLG8OfmU6pl/I/iOuulI0u4UI9IRr0SWn9JfkWGYp7NpHbu', '1', 2, 'N5HbY987iq', '2017-06-11 00:53:00', '2017-06-11 00:53:00', NULL),
(10, 'Keyshawn Zieme I', '1-235-625-5044', '59532 Weber Common Suite 429\nJerodstad, SD 96487-7786', 'eglover@example.com', '$2y$10$4nhsXMH19.b6H09H1u8tHOO50uoCxCcGMmaQdo1UiaxouSCnV/sHu', '1', 2, 'iLNH66jr05', '2017-06-11 00:53:00', '2017-06-11 00:53:00', NULL),
(11, 'Raina Balistreri', '1-946-455-0350 x1513', '784 Rosie Haven Apt. 108\nFriesenchester, WA 15168-2141', 'ratke.mariela@example.com', '$2y$10$ZXRrTgHueetZ5DfMJ1khN.4TuSiywoRvg4ECNAhjLsghVJlI1kJnW', '0', 2, 'jTAyMp6aEi', '2017-06-11 00:53:00', '2017-06-11 00:53:00', NULL),
(12, 'Markus Eichmann', '813.345.3683', '780 Rylee Ramp Apt. 213\nPort Niaborough, NJ 93018-0452', 'xsmith@example.com', '$2y$10$4cwNuWxy6/4p.5WoGZJXs.pIWqK0lNBzdwb17Qx/lXzrdNrHx.KBu', '1', 2, 'IlSki48gzV', '2017-06-11 00:53:00', '2017-06-11 00:53:00', NULL),
(13, 'Zella Gusikowski', '612-367-6197', '55755 Friesen Ville\nPort Ashtynstad, IL 91092', 'margarita.wehner@example.com', '$2y$10$Se8JIoNMNc1oqJlDvaglU.sA40m4Ly/Mw4YHeo7mx.ipgfBPMzxRm', '0', 2, '79zFC5SoW6', '2017-06-11 00:53:00', '2017-06-11 00:53:00', NULL),
(14, 'Marjory Weber', '+1.235.985.6984', '66896 Edgar Light\nPort Prestonstad, WA 67883', 'kschoen@example.com', '$2y$10$kGXE5xqn9I2VF850XBDEo.RhVzmNnW1Qs6UDT76emNyo3nL9xQTQm', '1', 2, 'r2vNimSAhI', '2017-06-11 00:53:00', '2017-06-11 00:53:00', NULL),
(15, 'Miss Carole Predovic', '+1.548.591.0632', '946 Napoleon Trail\nNorth Hanna, IN 67674', 'danielle94@example.org', '$2y$10$6YjQgSPDNvxpT5MNAiBnpOL66Np7VlgHZlDStH8wsACkK.yIG9U4C', '1', 2, 'jnT1FUsb4J', '2017-06-11 00:53:00', '2017-06-11 00:53:00', NULL),
(16, 'Toy Denesik', '(285) 751-5213 x66349', '435 Schimmel Plains\nNorth Nicole, NM 77355', 'estefania.ziemann@example.net', '$2y$10$pe3h0.zKCQC7dYakCG8oyecJi732n187DRXbdLimeKA/UdNjejTx2', '0', 2, 'u0wTQ0ywvG', '2017-06-11 00:53:01', '2017-06-11 00:53:01', NULL),
(17, 'Camylle Bayer', '541.287.5401', '5906 Pfeffer Station Suite 394\nPort Amina, ND 89807', 'kling.bria@example.org', '$2y$10$BkwOaKc4wU6nveuQhAMJguh8EAUjswkb6Vp0DrxJJihJUozSZZptC', '1', 2, 'gd6AvPWDlP', '2017-06-11 00:53:01', '2017-06-11 00:53:01', NULL),
(18, 'Mr. Axel Dickinson', '525.390.2800', '941 Shawna Valleys\nLake Abdielstad, LA 56093', 'iskiles@example.net', '$2y$10$n7X69x4EIR1RIl5wUJysiuHcfIJjZopZzRzqbzQy1hZTCBuxr7OHu', '0', 2, 'bAkd7sBVQP', '2017-06-11 00:53:01', '2017-06-11 00:53:01', NULL),
(19, 'Carrie Konopelski', '(509) 789-6618 x210', '20217 Bradtke Rue Apt. 293\nSouth Olemouth, ND 87532-4212', 'chermiston@example.org', '$2y$10$U8lzwZfZVOLzHdirGm4Xden500r5QlPKkasSuRuqJVS70GU82OM2m', '0', 2, 'yBx4uwE1XM', '2017-06-11 00:53:01', '2017-06-11 00:53:01', NULL),
(20, 'Cecil Haley', '+1-979-804-2785', '53048 Keeling Street Apt. 313\nNorth Vincenzohaven, FL 24179-8940', 'vernon64@example.com', '$2y$10$xAteNNnH5Q2RTCTHSbvZY.gm3f7bpiLOo026AIRUe/pGUt5C5rt6a', '0', 2, 'TIBGMu8z2C', '2017-06-11 00:53:01', '2017-06-11 00:53:01', NULL),
(21, 'Eloisa Cartwright', '(603) 274-5593', '275 Rose Centers Suite 874\nO\'Reillybury, VT 56636-6134', 'drunolfsson@example.net', '$2y$10$JXsHxHNcVOuyxNxhmr6kkOCGGr72BposJAkFAu/rIgi2IMg8j1siG', '0', 2, 'a2tpR8GWGW', '2017-06-11 00:53:01', '2017-06-11 00:53:01', NULL),
(22, 'Ms. Tia Fahey', '357-685-4253 x658', '3353 Reichel Circles\nDominiquetown, TN 55364-7510', 'parisian.nels@example.org', '$2y$10$Xp2dqOd4i/Vu3GhhZ6gGL.Hvbv0PnajM1BWtP5Lz1vdTQjUwpO6MS', '0', 2, '74mHCULXb1', '2017-06-11 00:53:01', '2017-06-11 00:53:01', NULL),
(23, 'Miss Muriel Prohaska', '679.662.7940', '7853 Jenkins Stravenue Apt. 106\nPort Isobel, WI 96579', 'eunice.pacocha@example.org', '$2y$10$rhaaVybxyBioCg39cOskU.BFBcHOAXG8TxLw9CDH8TT0MtX0j.8uW', '0', 2, '4oATMPfxrS', '2017-06-11 00:53:02', '2017-06-11 00:53:02', NULL),
(24, 'Celine Ebert', '(561) 844-7572 x99954', '4943 Ebert Gateway\nSouth Renee, VT 36803', 'hackett.cletus@example.com', '$2y$10$6oCTLjuW6gQTLnaYGlpRsO6nlG4AvtvSRCPtYfBG9wqP9gNKKPLxq', '0', 2, 'V5ucKVcSu9', '2017-06-11 00:53:02', '2017-06-11 00:53:02', NULL),
(25, 'Dr. Merle Smitham III', '1-304-563-4721', '36568 O\'Reilly Points Apt. 082\nSouth Beulahbury, GA 50405', 'leila.zemlak@example.org', '$2y$10$9.QhukD.SiHqoGDui/jI7ukGhOLvPgRb6HsX469gSIRUPMzKSqBsC', '1', 2, 'TpYdLk5sxG', '2017-06-11 00:53:02', '2017-06-11 00:53:02', NULL),
(26, 'Dr. Boris Stiedemann', '1-450-358-0002 x0677', '835 Crona Falls Suite 979\nSouth Chanelton, GA 45894', 'henry.cassin@example.net', '$2y$10$ptxIhFVtRMGjPXS4ZORjfe.dlGLW4uCc9..lqbqUSSq3n3S7Mfy5a', '0', 2, 'EiQCc3GqgN', '2017-06-11 00:53:02', '2017-06-11 00:53:02', NULL),
(27, 'Prof. Mellie Jast', '+1-546-906-1075', '81022 Bins Pine Apt. 032\nMarlonville, MT 17577-3265', 'rgoyette@example.net', '$2y$10$RFvomyd572zp4TKeRjN9YuozSTpnUdGNjPdOgGglahCJUl.9nFsJC', '0', 2, 'F4rxURDbcn', '2017-06-11 00:53:02', '2017-06-11 00:53:02', NULL),
(28, 'Lauryn Boyer PhD', '(884) 542-1763', '62701 Koss Glen\nGreenbury, DC 62592-7618', 'dare.chandler@example.org', '$2y$10$ClgXYHD6LM8B3qc./BfIu.BQ.5KLPQ9NKV5eHuoenboCExVOduzSu', '0', 2, '8F1waeJnSO', '2017-06-11 00:53:02', '2017-06-11 00:53:02', NULL),
(29, 'Trycia Homenick', '(597) 249-1890 x6578', '3583 Leuschke Ways\nNew Kendall, IN 35084', 'anastacio33@example.com', '$2y$10$1yfqkk8f1POkqoV1HuCfne3sdkmVNicsceflIElyPhPncOhpZj4OC', '0', 2, '7XB7kkY4VM', '2017-06-11 00:53:02', '2017-06-11 00:53:02', NULL),
(30, 'Corbin Gutmann', '652.529.3698', '182 Carmela Springs Apt. 483\nStellaland, AK 80019-9233', 'bertrand07@example.org', '$2y$10$TbFoCVCff5Y2E3qTq0wQLeaHNcd5L6sO1OAvwcS3exE7c7D98wCE.', '1', 2, '5rUuHc2HlY', '2017-06-11 00:53:03', '2017-06-11 00:53:03', NULL),
(31, 'Cruz Wisoky', '779-446-6610 x71183', '8275 Howe Forge\nAlecstad, ND 28591', 'yschroeder@example.net', '$2y$10$6BSc53w3HuzXUdqEMer3XODGfi63bMix4S62D9IS4f5B4i1EjlmDi', '1', 2, 'j5ElhuwgdY', '2017-06-11 00:53:03', '2017-06-11 00:53:03', NULL),
(32, 'Aryanna Gleichner II', '+1.740.989.8117', '794 Little Streets\nOlgaside, PA 43528-5969', 'aubree89@example.org', '$2y$10$0OfWMEOcYuEb78ThZ9FsPOfpfM2o9XHDw2kpoVUGmjEbH4xZrEXP6', '1', 2, 'OryRX7hN4X', '2017-06-11 00:53:03', '2017-06-11 00:53:03', NULL),
(33, 'Gerson Klein', '1-951-600-5650 x666', '518 Schmeler Shoals Suite 370\nSouth Jazmynland, SD 83188', 'norma84@example.com', '$2y$10$7fJTsMH5jr8IZmKDhdKul.jR8Ocn/LhWbEuuMbh0MZ8z3GBfStcOW', '0', 2, 'cT4WFTzpsr', '2017-06-11 00:53:03', '2017-06-11 00:53:03', NULL),
(34, 'Prof. Jarvis Bergnaum IV', '1-331-897-6794', '70912 Beaulah Springs\nPort Franco, AL 85735-2294', 'bhuel@example.net', '$2y$10$j0d7w344iVOyfva3hOp7GerA9iWPgi/GdEk/eLT3mNusD5ez5Gbeu', '1', 2, 'i1uJmXseOv', '2017-06-11 00:53:03', '2017-06-11 00:53:03', NULL),
(35, 'Dr. John Hyatt DDS', '+1-654-628-7037', '89788 Rachelle Vista Apt. 957\nLittelland, AK 83464-5863', 'armstrong.hailie@example.com', '$2y$10$TwgiOKQChkCa66ANm4z1FeJTNKbHhd9jIck3oxEN68kjez0uzYD6O', '1', 2, '754XZcMNq6', '2017-06-11 00:53:03', '2017-06-11 00:53:03', NULL),
(36, 'Dr. Kristy Haag DDS', '549-784-4077 x143', '389 Kutch PlaceEast Maximoland, WA 72613-0239', 'emil85@example.com', '$2y$10$mfZz5k5YdPD/OD21L3JlX.RPqvl88uD3rhPCTAe3Qhmg2YN3lRou6', '1', 2, 'zJFRPTFrKJ', '2017-06-11 00:53:03', '2017-06-11 01:10:09', NULL),
(37, 'Edd Oberbrunner', '(436) 936-9644 x657', '2842 Abigale Isle\nEast Monamouth, CA 34672-9728', 'louie95@example.net', '$2y$10$LAKnAeLG323qbH6Y79sIu.41VmcJ9etPx/YFxMIhLgo4mOK7cEHGW', '0', 2, 'hqUYLrTSuv', '2017-06-11 00:53:04', '2017-06-11 00:53:04', NULL),
(38, 'Ashlynn Von', '268-588-6465', '959 Jan Vista Suite 942\nWest Devinchester, CT 82214-9490', 'tswaniawski@example.org', '$2y$10$cbg5JnaWWH.8UngHnrVKPOn6Ja43nk1KNj9gEwfAYG0w6PemQQwae', '0', 2, 'aAuSvVzrrE', '2017-06-11 00:53:04', '2017-06-11 00:53:04', NULL),
(39, 'Giovani Schulist', '+12154739395', '1610 Dan Springs Apt. 401\nLake Jadenville, FL 82981', 'fdibbert@example.com', '$2y$10$g8qg48sd9lPS.tUnZve8.OQs6K1lnX9g4wZ/nCpesVpfvZsggKGB.', '1', 2, 'echxCidJIh', '2017-06-11 00:53:04', '2017-06-11 00:53:04', NULL),
(40, 'Prof. Furman Murray I', '1-373-786-0696', '4954 Godfrey Island\nLake Holly, PA 93728', 'koch.judson@example.net', '$2y$10$PMi9fE6ek5QINSWqkuwvaOj3axkWlcSK30ePnuXQfWEq2PnaiNd8W', '1', 2, 'XCkIwQVgst', '2017-06-11 00:53:04', '2017-06-11 00:53:04', NULL),
(41, 'Pearline Dicki', '960-955-3670 x57650', '8241 Neha Centers\nHoweville, NH 00973-7226', 'veda.kerluke@example.com', '$2y$10$uCkovxpSERM8QA50rwK5RuaR1RXQHUDS6cAYoxu83SPQm9qkLxqcm', '0', 2, 'MD2bg1Bqy9', '2017-06-11 00:53:04', '2017-06-11 00:53:04', NULL),
(42, 'client', NULL, '666666', 'client@client.com', '$2y$10$XGXVE/rtD.xijUEoIFnVQezhV9XLSw9TF/6botU4yc9H3yOEGmU9e', 'activated', 2, NULL, '2017-06-11 01:26:49', '2017-06-11 01:26:49', NULL);

--
-- Indexes for dumped tables
--

--
-- Indexes for table `categories`
--
ALTER TABLE `categories`
  ADD PRIMARY KEY (`id`);

--
-- Indexes for table `orders`
--
ALTER TABLE `orders`
  ADD PRIMARY KEY (`id`);

--
-- Indexes for table `order_details`
--
ALTER TABLE `order_details`
  ADD PRIMARY KEY (`id`);

--
-- Indexes for table `password_resets`
--
ALTER TABLE `password_resets`
  ADD KEY `password_resets_email_index` (`email`),
  ADD KEY `password_resets_token_index` (`token`);

--
-- Indexes for table `permissions`
--
ALTER TABLE `permissions`
  ADD PRIMARY KEY (`id`);

--
-- Indexes for table `products`
--
ALTER TABLE `products`
  ADD PRIMARY KEY (`id`),
  ADD KEY `category_id_fk` (`category_id`);

--
-- Indexes for table `product_images`
--
ALTER TABLE `product_images`
  ADD PRIMARY KEY (`id`);

--
-- Indexes for table `users`
--
ALTER TABLE `users`
  ADD PRIMARY KEY (`id`),
  ADD UNIQUE KEY `users_username_unique` (`username`),
  ADD UNIQUE KEY `users_email_unique` (`email`);

--
-- AUTO_INCREMENT for dumped tables
--

--
-- AUTO_INCREMENT for table `categories`
--
ALTER TABLE `categories`
  MODIFY `id` int(10) UNSIGNED NOT NULL AUTO_INCREMENT, AUTO_INCREMENT=21;
--
-- AUTO_INCREMENT for table `orders`
--
ALTER TABLE `orders`
  MODIFY `id` int(10) UNSIGNED NOT NULL AUTO_INCREMENT, AUTO_INCREMENT=113;
--
-- AUTO_INCREMENT for table `order_details`
--
ALTER TABLE `order_details`
  MODIFY `id` int(10) UNSIGNED NOT NULL AUTO_INCREMENT, AUTO_INCREMENT=548;
--
-- AUTO_INCREMENT for table `permissions`
--
ALTER TABLE `permissions`
  MODIFY `id` int(10) UNSIGNED NOT NULL AUTO_INCREMENT, AUTO_INCREMENT=4;
--
-- AUTO_INCREMENT for table `products`
--
ALTER TABLE `products`
  MODIFY `id` int(10) UNSIGNED NOT NULL AUTO_INCREMENT, AUTO_INCREMENT=111;
--
-- AUTO_INCREMENT for table `product_images`
--
ALTER TABLE `product_images`
  MODIFY `id` int(10) UNSIGNED NOT NULL AUTO_INCREMENT;
--
-- AUTO_INCREMENT for table `users`
--
ALTER TABLE `users`
  MODIFY `id` int(10) UNSIGNED NOT NULL AUTO_INCREMENT, AUTO_INCREMENT=43;
--
-- Constraints for dumped tables
--

--
-- Constraints for table `products`
--
ALTER TABLE `products`
  ADD CONSTRAINT `category_id_fk` FOREIGN KEY (`category_id`) REFERENCES `categories` (`id`);

/*!40101 SET CHARACTER_SET_CLIENT=@OLD_CHARACTER_SET_CLIENT */;
/*!40101 SET CHARACTER_SET_RESULTS=@OLD_CHARACTER_SET_RESULTS */;
/*!40101 SET COLLATION_CONNECTION=@OLD_COLLATION_CONNECTION */;
